county,state,fipscounty,cbsa,cbsaname
AUTAUGA,AL,1001,33860,"Montgomery, AL"
BALDWIN,AL,1003,,
BARBOUR,AL,1005,,
BIBB,AL,1007,13820,"Birmingham-Hoover, AL"
BLOUNT,AL,1009,13820,"Birmingham-Hoover, AL"
BULLOCK,AL,1011,,
BUTLER,AL,1013,,
CALHOUN,AL,1015,11500,"Anniston-Oxford, AL"
CHAMBERS,AL,1017,,
CHEROKEE,AL,1019,,
CHILTON,AL,1021,13820,"Birmingham-Hoover, AL"
CHOCTAW,AL,1023,,
CLARKE,AL,1025,,
CLAY,AL,1027,,
CLEBURNE,AL,1029,,
COFFEE,AL,1031,,
COLBERT,AL,1033,22520,"Florence-Muscle Shoals, AL"
CONECUH,AL,1035,,
COOSA,AL,1037,,
COVINGTON,AL,1039,,
CRENSHAW,AL,1041,,
CULLMAN,AL,1043,,
DALE,AL,1045,,
DALLAS,AL,1047,,
DE KALB,AL,1049,,
ELMORE,AL,1051,33860,"Montgomery, AL"
ESCAMBIA,AL,1053,,
ETOWAH,AL,1055,23460,"Gadsden, AL"
FAYETTE,AL,1057,,
FRANKLIN,AL,1059,,
GENEVA,AL,1061,20020,"Dothan, AL"
GREENE,AL,1063,46220,"Tuscaloosa, AL"
HALE,AL,1065,46220,"Tuscaloosa, AL"
HENRY,AL,1067,20020,"Dothan, AL"
HOUSTON,AL,1069,20020,"Dothan, AL"
JACKSON,AL,1071,,
JEFFERSON,AL,1073,13820,"Birmingham-Hoover, AL"
LAMAR,AL,1075,,
LAUDERDALE,AL,1077,22520,"Florence-Muscle Shoals, AL"
LAWRENCE,AL,1079,19460,"Decatur, AL"
LEE,AL,1081,12220,"Auburn-Opelika, AL"
LIMESTONE,AL,1083,26620,"Huntsville, AL"
LOWNDES,AL,1085,33860,"Montgomery, AL"
MACON,AL,1087,,
MADISON,AL,1089,26620,"Huntsville, AL"
MARENGO,AL,1091,,
MARION,AL,1093,,
MARSHALL,AL,1095,,
MOBILE,AL,1097,33660,"Mobile, AL"
MONROE,AL,1099,,
MONTGOMERY,AL,1101,33860,"Montgomery, AL"
MORGAN,AL,1103,19460,"Decatur, AL"
PERRY,AL,1105,,
PICKENS,AL,1107,,
PIKE,AL,1109,,
RANDOLPH,AL,1111,,
RUSSELL,AL,1113,17980,"Columbus, GA-AL"
ST. CLAIR,AL,1115,13820,"Birmingham-Hoover, AL"
SHELBY,AL,1117,13820,"Birmingham-Hoover, AL"
SUMTER,AL,1119,,
TALLADEGA,AL,1121,,
TALLAPOOSA,AL,1123,,
TUSCALOOSA,AL,1125,46220,"Tuscaloosa, AL"
WALKER,AL,1127,13820,"Birmingham-Hoover, AL"
WASHINGTON,AL,1129,,
WILCOX,AL,1131,,
WINSTON,AL,1133,,
STATEWIDE,AL,1990,,
ALEUTIANS EAST,AK,2013,,
ALEUTIANS WEST,AK,2016,,
ANCHORAGE,AK,2020,11260,"Anchorage, AK"
BETHEL,AK,2050,,
BRISTOL BAY BOROUGH,AK,2060,,
DENALI,AK,2068,,
DILLINGHAM,AK,2070,,
FAIRBANKS NORTH STAR,AK,2090,21820,"Fairbanks, AK"
HAINES,AK,2100,,
HOONAH-ANGOON CENSUS AREA,AK,2105,,
JUNEAU,AK,2110,,
KENAI PENINSULA,AK,2122,,
KETCHIKAN GATEWAY,AK,2130,,
KODIAK ISLAND BOROUGH,AK,2150,,
LAKE AND PENINSULA,AK,2164,,
MATANUSKA-SUSITNA,AK,2170,11260,"Anchorage, AK"
NOME,AK,2180,,
NORTH SLOPE BOROUH,AK,2185,,
NORTHWEST ARTIC BOROUGH,AK,2188,,
PETERSBURG CENSUS AREA,AK,2195,,
PR.OF WALES-HYDER CNS AREA,AK,2198,,
SITKA BOROUGH,AK,2220,,
SKAGWAY-YAKUTAT,AK,2230,,
SOUTHEAST FAIRBANKS,AK,2240,,
VALDEZ-CORDOVA,AK,2261,,
WADE HAMPTON,AK,2270,,
WRANGELL CITY AND BOROUGH,AK,2275,,
YAKUTAT BOROUGH,AK,2282,,
YUKON-KOYUKUK,AK,2290,,
STATEWIDE,AK,2990,,
APACHE,AZ,4001,,
COCHISE,AZ,4003,,
COCONINO,AZ,4005,22380,"Flagstaff, AZ"
GILA,AZ,4007,,
GRAHAM,AZ,4009,,
GREENLEE,AZ,4011,,
LAPAZ,AZ,4012,,
MARICOPA,AZ,4013,38060,"Phoenix-Mesa-Glendale, AZ"
MOHAVE,AZ,4015,29420,"Lake Havasu City-Kingman, AZ"
NAVAJO,AZ,4017,,
PIMA,AZ,4019,46060,"Tucson, AZ"
PINAL,AZ,4021,38060,"Phoenix-Mesa-Glendale, AZ"
SANTA CRUZ,AZ,4023,,
YAVAPAI,AZ,4025,39140,"Prescott, AZ"
YUMA,AZ,4027,49740,"Yuma, AZ"
STATEWIDE,AZ,4990,,
ARKANSAS,AR,5001,,
ASHLEY,AR,5003,,
BAXTER,AR,5005,,
BENTON,AR,5007,22220,"Fayetteville-Springdale-Rogers, AR-MO"
BOONE,AR,5009,,
BRADLEY,AR,5011,,
CALHOUN,AR,5013,,
CARROLL,AR,5015,,
CHICOT,AR,5017,,
CLARK,AR,5019,,
CLAY,AR,5021,,
CLEBURNE,AR,5023,,
CLEVELAND,AR,5025,38220,"Pine Bluff, AR"
COLUMBIA,AR,5027,,
CONWAY,AR,5029,,
CRAIGHEAD,AR,5031,27860,"Jonesboro, AR"
CRAWFORD,AR,5033,22900,"Fort Smith, AR-OK"
CRITTENDEN,AR,5035,32820,"Memphis, TN-MS-AR"
CROSS,AR,5037,,
DALLAS,AR,5039,,
DESHA,AR,5041,,
DREW,AR,5043,,
FAULKNER,AR,5045,30780,"Little Rock-N.Little Rock-Conway,AR"
FRANKLIN,AR,5047,22900,"Fort Smith, AR-OK"
FULTON,AR,5049,,
GARLAND,AR,5051,26300,"Hot Springs, AR"
GRANT,AR,5053,30780,"Little Rock-N.Little Rock-Conway,AR"
GREENE,AR,5055,,
HEMPSTEAD,AR,5057,,
HOT SPRING,AR,5059,,
HOWARD,AR,5061,,
INDEPENDENCE,AR,5063,,
IZARD,AR,5065,,
JACKSON,AR,5067,,
JEFFERSON,AR,5069,38220,"Pine Bluff, AR"
JOHNSON,AR,5071,,
LAFAYETTE,AR,5073,,
LAWRENCE,AR,5075,,
LEE,AR,5077,,
LINCOLN,AR,5079,38220,"Pine Bluff, AR"
LITTLE RIVER,AR,5081,,
LOGAN,AR,5083,,
LONOKE,AR,5085,30780,"Little Rock-N.Little Rock-Conway,AR"
MADISON,AR,5087,22220,"Fayetteville-Springdale-Rogers, AR-MO"
MARION,AR,5089,,
MILLER,AR,5091,45500,"Texarkana, TX-Texarkana, AR"
MISSISSIPPI,AR,5093,,
MONROE,AR,5095,,
MONTGOMERY,AR,5097,,
NEVADA,AR,5099,,
NEWTON,AR,5101,,
OUACHITA,AR,5103,,
PERRY,AR,5105,30780,"Little Rock-N.Little Rock-Conway,AR"
PHILLIPS,AR,5107,,
PIKE,AR,5109,,
POINSETT,AR,5111,27860,"Jonesboro, AR"
POLK,AR,5113,,
POPE,AR,5115,,
PRAIRIE,AR,5117,,
PULASKI,AR,5119,30780,"Little Rock-N.Little Rock-Conway,AR"
RANDOLPH,AR,5121,,
ST. FRANCIS,AR,5123,,
SALINE,AR,5125,30780,"Little Rock-N.Little Rock-Conway,AR"
SCOTT,AR,5127,,
SEARCY,AR,5129,,
SEBASTIAN,AR,5131,22900,"Fort Smith, AR-OK"
SEVIER,AR,5133,,
SHARP,AR,5135,,
STONE,AR,5137,,
UNION,AR,5139,,
VAN BUREN,AR,5141,,
WASHINGTON,AR,5143,22220,"Fayetteville-Springdale-Rogers, AR-MO"
WHITE,AR,5145,,
WOODRUFF,AR,5147,,
YELL,AR,5149,,
STATEWIDE,AR,5990,,
ALAMEDA,CA,6001,36084,"Oakland-Fremont-Hayward, CA"
ALPINE,CA,6003,,
AMADOR,CA,6005,,
BUTTE,CA,6007,17020,"Chico, CA"
CALAVERAS,CA,6009,,
COLUSA,CA,6011,,
CONTRA COSTA,CA,6013,36084,"Oakland-Fremont-Hayward, CA"
DEL NORTE,CA,6015,,
EL DORADO,CA,6017,40900,"Sacramento--Arden-Arcade--Roseville, CA"
FRESNO,CA,6019,23420,"Fresno, CA"
GLENN,CA,6021,,
HUMBOLDT,CA,6023,,
IMPERIAL,CA,6025,20940,"El Centro, CA"
INYO,CA,6027,,
KERN,CA,6029,12540,"Bakersfield-Delano, CA"
KINGS,CA,6031,25260,"Hanford-Corcoran, CA"
LAKE,CA,6033,,
LASSEN,CA,6035,,
LOS ANGELES,CA,6037,31084,"Los Angeles-Long Beach-Santa Ana, CA"
LOS ANGELES,CA,6037,31084,"Los Angeles-Long Beach-Santa Ana, CA"
MADERA,CA,6039,31460,"Madera-Chowchilla, CA"
MARIN,CA,6041,41884,"San Francisco-San Mateo-Redwood City,CA"
MARIPOSA,CA,6043,,
MENDOCINO,CA,6045,,
MERCED,CA,6047,32900,"Merced, CA"
MODOC,CA,6049,,
MONO,CA,6051,,
MONTEREY,CA,6053,41500,"Salinas, CA"
NAPA,CA,6055,34900,"Napa, CA"
NEVADA,CA,6057,,
ORANGE,CA,6059,42044,"Santa Ana-Anaheim-Irvine, CA"
PLACER,CA,6061,40900,"Sacramento--Arden-Arcade--Roseville, CA"
PLUMAS,CA,6063,,
RIVERSIDE,CA,6065,40140,"Riverside-San Bernardino-Ontario, CA"
SACRAMENTO,CA,6067,40900,"Sacramento--Arden-Arcade--Roseville, CA"
SAN BENITO,CA,6069,41940,"San Jose-Sunnyvale-Santa Clara, CA"
SAN BERNARDINO,CA,6071,40140,"Riverside-San Bernardino-Ontario, CA"
SAN DIEGO,CA,6073,41740,"San Diego-Carlsbad-San Marcos, CA"
SAN FRANCISCO,CA,6075,41884,"San Francisco-San Mateo-Redwood City,CA"
SAN JOAQUIN,CA,6077,44700,"Stockton, CA"
SAN LUIS OBISPO,CA,6079,42020,"San Luis Obispo-Paso Robles, CA"
SAN MATEO,CA,6081,41884,"San Francisco-San Mateo-Redwood City,CA"
SANTA BARBARA,CA,6083,42060,"Santa Barbara-Santa Maria-Goleta, CA"
SANTA CLARA,CA,6085,41940,"San Jose-Sunnyvale-Santa Clara, CA"
SANTA CRUZ,CA,6087,42100,"Santa Cruz-Watsonville, CA"
SHASTA,CA,6089,39820,"Redding, CA"
SIERRA,CA,6091,,
SISKIYOU,CA,6093,,
SOLANO,CA,6095,46700,"Vallejo-Fairfield, CA"
SONOMA,CA,6097,42220,"Santa Rosa-Petaluma, CA"
STANISLAUS,CA,6099,33700,"Modesto, CA"
SUTTER,CA,6101,49700,"Yuba City, CA"
TEHAMA,CA,6103,,
TRINITY,CA,6105,,
TULARE,CA,6107,47300,"Visalia-Porterville, CA"
TUOLUMNE,CA,6109,,
VENTURA,CA,6111,37100,"Oxnard-Thousand Oaks-Ventura, CA"
YOLO,CA,6113,40900,"Sacramento--Arden-Arcade--Roseville, CA"
YUBA,CA,6115,49700,"Yuba City, CA"
STATEWIDE,CA,6990,,
ADAMS,CO,8001,19740,"Denver-Aurora-Broomfield, CO"
ALAMOSA,CO,8003,,
ARAPAHOE,CO,8005,19740,"Denver-Aurora-Broomfield, CO"
ARCHULETA,CO,8007,,
BACA,CO,8009,,
BENT,CO,8011,,
BOULDER,CO,8013,14500,"Boulder, CO"
BROOMFIELD,CO,8014,19740,"Denver-Aurora-Broomfield, CO"
CHAFFEE,CO,8015,,
CHEYENNE,CO,8017,,
CLEAR CREEK,CO,8019,19740,"Denver-Aurora-Broomfield, CO"
CONEJOS,CO,8021,,
COSTILLA,CO,8023,,
CROWLEY,CO,8025,,
CUSTER,CO,8027,,
DELTA,CO,8029,,
DENVER,CO,8031,19740,"Denver-Aurora-Broomfield, CO"
DOLORES,CO,8033,,
DOUGLAS,CO,8035,19740,"Denver-Aurora-Broomfield, CO"
EAGLE,CO,8037,,
ELBERT,CO,8039,19740,"Denver-Aurora-Broomfield, CO"
EL PASO,CO,8041,17820,"Colorado Springs, CO"
FREMONT,CO,8043,,
GARFIELD,CO,8045,,
GILPIN,CO,8047,19740,"Denver-Aurora-Broomfield, CO"
GRAND,CO,8049,,
GUNNISON,CO,8051,,
HINSDALE,CO,8053,,
HUERFANO,CO,8055,,
JACKSON,CO,8057,,
JEFFERSON,CO,8059,19740,"Denver-Aurora-Broomfield, CO"
KIOWA,CO,8061,,
KIT CARSON,CO,8063,,
LAKE,CO,8065,,
LA PLATA,CO,8067,,
LARIMER,CO,8069,22660,"Fort Collins-Loveland, CO"
LAS ANIMAS,CO,8071,,
LINCOLN,CO,8073,,
LOGAN,CO,8075,,
MESA,CO,8077,24300,"Grand Junction, CO"
MINERAL,CO,8079,,
MOFFAT,CO,8081,,
MONTEZUMA,CO,8083,,
MONTROSE,CO,8085,,
MORGAN,CO,8087,,
OTERO,CO,8089,,
OURAY,CO,8091,,
PARK,CO,8093,19740,"Denver-Aurora-Broomfield, CO"
PHILLIPS,CO,8095,,
PITKIN,CO,8097,,
PROWERS,CO,8099,,
PUEBLO,CO,8101,39380,"Pueblo, CO"
RIO BLANCO,CO,8103,,
RIO GRANDE,CO,8105,,
ROUTT,CO,8107,,
SAGUACHE,CO,8109,,
SAN JUAN,CO,8111,,
SAN MIGUEL,CO,8113,,
SEDGWICK,CO,8115,,
SUMMIT,CO,8117,,
TELLER,CO,8119,17820,"Colorado Springs, CO"
WASHINGTON,CO,8121,,
WELD,CO,8123,24540,"Greeley, CO"
YUMA,CO,8125,,
STATEWIDE,CO,8990,,
FAIRFIELD,CT,9001,14860,"Bridgeport-Stamford-Norwalk, CT"
HARTFORD,CT,9003,25540,"Hartford-West Hartford-East Hartford, C"
LITCHFIELD,CT,9005,,
MIDDLESEX,CT,9007,25540,"Hartford-West Hartford-East Hartford, C"
NEW HAVEN,CT,9009,35300,"New Haven-Milford, CT"
NEW LONDON,CT,9011,35980,"Norwich-New London, CT"
TOLLAND,CT,9013,25540,"Hartford-West Hartford-East Hartford, C"
WINDHAM,CT,9015,,
STATEWIDE,CT,9990,,
KENT,DE,10001,20100,"Dover, DE"
NEW CASTLE,DE,10003,48864,"Wilmington, DE-MD-NJ"
SUSSEX,DE,10005,,
STATEWIDE,DE,10990,,
THE DISTRICT,DC,11001,47894,Washington-Arlington-Alexandria DC-VA
ALACHUA,FL,12001,23540,"Gainesville, FL"
BAKER,FL,12003,27260,"Jacksonville, FL"
BAY,FL,12005,37460,"Panama City-Lynn Haven-Panama City Beach, FL"
BRADFORD,FL,12007,,
BREVARD,FL,12009,37340,"Palm Bay-Melbourne-Titusville, FL"
BROWARD,FL,12011,22744,Ft Lauderdale-Pompano Beach-Deerfield
CALHOUN,FL,12013,,
CHARLOTTE,FL,12015,39460,"Punta Gorda, FL"
CITRUS,FL,12017,,
CLAY,FL,12019,27260,"Jacksonville, FL"
COLLIER,FL,12021,34940,"Naples-Marco Island, FL"
COLUMBIA,FL,12023,,
DE SOTO,FL,12027,,
DIXIE,FL,12029,,
DUVAL,FL,12031,27260,"Jacksonville, FL"
ESCAMBIA,FL,12033,37860,"Pensacola-Ferry Pass-Brent, FL"
FLAGLER,FL,12035,37380,"Palm Coast, FL"
FRANKLIN,FL,12037,,
GADSDEN,FL,12039,45220,"Tallahassee, FL"
GILCHRIST,FL,12041,23540,"Gainesville, FL"
GLADES,FL,12043,,
GULF,FL,12045,,
HAMILTON,FL,12047,,
HARDEE,FL,12049,,
HENDRY,FL,12051,,
HERNANDO,FL,12053,45300,"Tampa-St. Petersburg-Clearwater, FL"
HIGHLANDS,FL,12055,,
HILLSBOROUGH,FL,12057,45300,"Tampa-St. Petersburg-Clearwater, FL"
HOLMES,FL,12059,,
INDIAN RIVER,FL,12061,42680,"Sebastian-Vero Beach,FL"
JACKSON,FL,12063,,
JEFFERSON,FL,12065,45220,"Tallahassee, FL"
LAFAYETTE,FL,12067,,
LAKE,FL,12069,36740,"Orlando-Kissimmee-Sanford, FL"
LEE,FL,12071,15980,"Cape Coral-Fort Myers, FL"
LEON,FL,12073,45220,"Tallahassee, FL"
LEVY,FL,12075,,
LIBERTY,FL,12077,,
MADISON,FL,12079,,
MANATEE,FL,12081,35840,"North Port-Bradenton-Sarasota, FL"
MARION,FL,12083,36100,"Ocala, FL"
MARTIN,FL,12085,38940,"Port St. Lucie,FL"
MIAMI-DADE,FL,12086,33124,"Miami-Miami Beach-Kendall, FL"
MONROE,FL,12087,,
NASSAU,FL,12089,27260,"Jacksonville, FL"
OKALOOSA,FL,12091,18880,"Crestview-Fort Walton Beach-Destin, FL"
OKEECHOBEE,FL,12093,,
ORANGE,FL,12095,36740,"Orlando-Kissimmee-Sanford, FL"
OSCEOLA,FL,12097,36740,"Orlando-Kissimmee-Sanford, FL"
PALM BEACH,FL,12099,48424,West Palm Beach-Boca Raton-Boynton FL
PASCO,FL,12101,45300,"Tampa-St. Petersburg-Clearwater, FL"
PINELLAS,FL,12103,45300,"Tampa-St. Petersburg-Clearwater, FL"
POLK,FL,12105,29460,"Lakeland-Winter Haven, FL"
PUTNAM,FL,12107,,
ST. JOHNS,FL,12109,27260,"Jacksonville, FL"
ST. LUCIE,FL,12111,38940,"Port St. Lucie, FL"
SANTA ROSA,FL,12113,37860,"Pensacola-Ferry Pass-Brent, FL"
SARASOTA,FL,12115,35840,"North Port-Bradenton-Sarasota, FL"
SEMINOLE,FL,12117,36740,"Orlando-Kissimmee-Sanford, FL"
SUMTER,FL,12119,,
SUWANNEE,FL,12121,,
TAYLOR,FL,12123,,
UNION,FL,12125,,
VOLUSIA,FL,12127,19660,"Deltona-Daytona Beach-Ormond Beach, FL"
WAKULLA,FL,12129,45220,"Tallahassee, FL"
WALTON,FL,12131,,
WASHINGTON,FL,12133,,
STATEWIDE,FL,12990,,
APPLING,GA,13001,,
ATKINSON,GA,13003,,
BACON,GA,13005,,
BAKER,GA,13007,10500,"Albany, GA"
BALDWIN,GA,13009,,
BANKS,GA,13011,,
BARROW,GA,13013,12060,"Atlanta-Sandy Springs-Marietta, GA"
BARTOW,GA,13015,12060,"Atlanta-Sandy Springs-Marietta, GA"
BEN HILL,GA,13017,,
BERRIEN,GA,13019,,
BIBB,GA,13021,31420,"Macon, GA"
BLECKLEY,GA,13023,,
BRANTLEY,GA,13025,15260,"Brunswick, GA"
BROOKS,GA,13027,46660,"Valdosta, GA"
BRYAN,GA,13029,42340,"Savannah, GA"
BULLOCH,GA,13031,,
BURKE,GA,13033,12260,"Augusta-Richmond County, GA-SC"
BUTTS,GA,13035,12060,"Atlanta-Sandy Springs-Marietta, GA"
CALHOUN,GA,13037,,
CAMDEN,GA,13039,,
CANDLER,GA,13043,,
CARROLL,GA,13045,12060,"Atlanta-Sandy Springs-Marietta, GA"
CATOOSA,GA,13047,16860,"Chattanooga, TN-GA"
CHARLTON,GA,13049,,
CHATHAM,GA,13051,42340,"Savannah, GA"
CHATTAHOOCHEE,GA,13053,17980,"Columbus, GA-AL"
CHATTOOGA,GA,13055,,
CHEROKEE,GA,13057,12060,"Atlanta-Sandy Springs-Marietta, GA"
CLARKE,GA,13059,12020,"Athens-Clarke County, GA"
CLAY,GA,13061,,
CLAYTON,GA,13063,12060,"Atlanta-Sandy Springs-Marietta, GA"
CLINCH,GA,13065,,
COBB,GA,13067,12060,"Atlanta-Sandy Springs-Marietta, GA"
COFFEE,GA,13069,,
COLQUITT,GA,13071,,
COLUMBIA,GA,13073,12260,"Augusta-Richmond County, GA-SC"
COOK,GA,13075,,
COWETA,GA,13077,12060,"Atlanta-Sandy Springs-Marietta, GA"
CRAWFORD,GA,13079,31420,"Macon, GA"
CRISP,GA,13081,,
DADE,GA,13083,16860,"Chattanooga, TN-GA"
DAWSON,GA,13085,12060,"Atlanta-Sandy Springs-Marietta, GA"
DECATUR,GA,13087,,
DE KALB,GA,13089,12060,"Atlanta-Sandy Springs-Marietta, GA"
DODGE,GA,13091,,
DOOLY,GA,13093,,
DOUGHERTY,GA,13095,10500,"Albany, GA"
DOUGLAS,GA,13097,12060,"Atlanta-Sandy Springs-Marietta, GA"
EARLY,GA,13099,,
ECHOLS,GA,13101,46660,"Valdosta, GA"
EFFINGHAM,GA,13103,42340,"Savannah, GA"
ELBERT,GA,13105,,
EMANUEL,GA,13107,,
EVANS,GA,13109,,
FANNIN,GA,13111,,
FAYETTE,GA,13113,12060,"Atlanta-Sandy Springs-Marietta, GA"
FLOYD,GA,13115,40660,"Rome, GA"
FORSYTH,GA,13117,12060,"Atlanta-Sandy Springs-Marietta, GA"
FRANKLIN,GA,13119,,
FULTON,GA,13121,12060,"Atlanta-Sandy Springs-Marietta, GA"
GILMER,GA,13123,,
GLASCOCK,GA,13125,,
GLYNN,GA,13127,15260,"Brunswick, GA"
GORDON,GA,13129,,
GRADY,GA,13131,,
GREENE,GA,13133,,
GWINNETT,GA,13135,12060,"Atlanta-Sandy Springs-Marietta, GA"
HABERSHAM,GA,13137,,
HALL,GA,13139,23580,"Gainesville, GA"
HANCOCK,GA,13141,,
HARALSON,GA,13143,12060,"Atlanta-Sandy Springs-Marietta, GA"
HARRIS,GA,13145,17980,"Columbus, GA-AL"
HART,GA,13147,,
HEARD,GA,13149,12060,"Atlanta-Sandy Springs-Marietta, GA"
HENRY,GA,13151,12060,"Atlanta-Sandy Springs-Marietta, GA"
HOUSTON,GA,13153,47580,"Warner Robins, GA"
IRWIN,GA,13155,,
JACKSON,GA,13157,,
JASPER,GA,13159,12060,"Atlanta-Sandy Springs-Marietta, GA"
JEFF DAVIS,GA,13161,,
JEFFERSON,GA,13163,,
JENKINS,GA,13165,,
JOHNSON,GA,13167,,
JONES,GA,13169,31420,"Macon, GA"
LAMAR,GA,13171,12060,"Atlanta-Sandy Springs-Marietta, GA"
LANIER,GA,13173,46660,"Valdosta, GA"
LAURENS,GA,13175,,
LEE,GA,13177,10500,"Albany, GA"
LIBERTY,GA,13179,25980,"Hinesville-Fort Stewart, GA"
LINCOLN,GA,13181,,
LONG,GA,13183,25980,"Hinesville-Fort Stewart, GA"
LOWNDES,GA,13185,46660,"Valdosta, GA"
LUMPKIN,GA,13187,,
MC DUFFIE,GA,13189,12260,"Augusta-Richmond County, GA-SC"
MC INTOSH,GA,13191,15260,"Brunswick, GA"
MACON,GA,13193,,
MADISON,GA,13195,12020,"Athens-Clarke County, GA"
MARION,GA,13197,17980,"Columbus, GA-AL"
MERIWETHER,GA,13199,12060,"Atlanta-Sandy Springs-Marietta, GA"
MILLER,GA,13201,,
MITCHELL,GA,13205,,
MONROE,GA,13207,31420,"Macon, GA"
MONTGOMERY,GA,13209,,
MORGAN,GA,13211,,
MURRAY,GA,13213,19140,"Dalton, GA"
MUSCOGEE,GA,13215,17980,"Columbus, GA-AL"
NEWTON,GA,13217,12060,"Atlanta-Sandy Springs-Marietta, GA"
OCONEE,GA,13219,12020,"Athens-Clarke County, GA"
OGLETHORPE,GA,13221,12020,"Athens-Clarke County, GA"
PAULDING,GA,13223,12060,"Atlanta-Sandy Springs-Marietta, GA"
PEACH,GA,13225,,
PICKENS,GA,13227,12060,"Atlanta-Sandy Springs-Marietta, GA"
PIERCE,GA,13229,,
PIKE,GA,13231,12060,"Atlanta-Sandy Springs-Marietta, GA"
POLK,GA,13233,,
PULASKI,GA,13235,,
PUTNAM,GA,13237,,
QUITMAN,GA,13239,,
RABUN,GA,13241,,
RANDOLPH,GA,13243,,
RICHMOND,GA,13245,12260,"Augusta-Richmond County, GA-SC"
ROCKDALE,GA,13247,12060,"Atlanta-Sandy Springs-Marietta, GA"
SCHLEY,GA,13249,,
SCREVEN,GA,13251,,
SEMINOLE,GA,13253,,
SPALDING,GA,13255,12060,"Atlanta-Sandy Springs-Marietta, GA"
STEPHENS,GA,13257,,
STEWART,GA,13259,,
SUMTER,GA,13261,,
TALBOT,GA,13263,,
TALIAFERRO,GA,13265,,
TATTNALL,GA,13267,,
TAYLOR,GA,13269,,
TELFAIR,GA,13271,,
TERRELL,GA,13273,10500,"Albany, GA"
THOMAS,GA,13275,,
TIFT,GA,13277,,
TOOMBS,GA,13279,,
TOWNS,GA,13281,,
TREUTLEN,GA,13283,,
TROUP,GA,13285,,
TURNER,GA,13287,,
TWIGGS,GA,13289,31420,"Macon, GA"
UNION,GA,13291,,
UPSON,GA,13293,,
WALKER,GA,13295,16860,"Chattanooga, TN-GA"
WALTON,GA,13297,12060,"Atlanta-Sandy Springs-Marietta, GA"
WARE,GA,13299,,
WARREN,GA,13301,,
WASHINGTON,GA,13303,,
WAYNE,GA,13305,,
WEBSTER,GA,13307,,
WHEELER,GA,13309,,
WHITE,GA,13311,,
WHITFIELD,GA,13313,19140,"Dalton, GA"
WILCOX,GA,13315,,
WILKES,GA,13317,,
WILKINSON,GA,13319,,
WORTH,GA,13321,10500,"Albany, GA"
STATEWIDE,GA,13990,,
HAWAII,HI,15001,,
HONOLULU,HI,15003,26180,"Honolulu, HI"
KALAWAO,HI,15005,,
KAUAI,HI,15007,,
MAUI,HI,15009,,
STATEWIDE,HI,15990,,
ADA,ID,16001,14260,"Boise City-Nampa, ID"
ADAMS,ID,16003,,
BANNOCK,ID,16005,38540,"Pocatello, ID"
BEAR LAKE,ID,16007,,
BENEWAH,ID,16009,,
BINGHAM,ID,16011,,
BLAINE,ID,16013,,
BOISE,ID,16015,14260,"Boise City-Nampa, ID"
BONNER,ID,16017,,
BONNEVILLE,ID,16019,26820,"Idaho Falls, ID"
BOUNDARY,ID,16021,,
BUTTE,ID,16023,,
CAMAS,ID,16025,,
CANYON,ID,16027,14260,"Boise City-Nampa, ID"
CARIBOU,ID,16029,,
CASSIA,ID,16031,,
CLARK,ID,16033,,
CLEARWATER,ID,16035,,
CUSTER,ID,16037,,
ELMORE,ID,16039,,
FRANKLIN,ID,16041,30860,"Logan, UT-ID"
FREMONT,ID,16043,,
GEM,ID,16045,14260,"Boise City-Nampa, ID"
GOODING,ID,16047,,
IDAHO,ID,16049,,
JEFFERSON,ID,16051,26820,"Idaho Falls, ID"
JEROME,ID,16053,,
KOOTENAI,ID,16055,17660,"Coeur d'Alene, ID"
LATAH,ID,16057,,
LEMHI,ID,16059,,
LEWIS,ID,16061,,
LINCOLN,ID,16063,,
MADISON,ID,16065,,
MINIDOKA,ID,16067,,
NEZ PERCE,ID,16069,30300,"Lewiston, ID-WA"
ONEIDA,ID,16071,,
OWYHEE,ID,16073,14260,"Boise City-Nampa, ID"
PAYETTE,ID,16075,,
POWER,ID,16077,38540,"Pocatello, ID"
SHOSHONE,ID,16079,,
TETON,ID,16081,,
TWIN FALLS,ID,16083,,
VALLEY,ID,16085,,
WASHINGTON,ID,16087,,
STATEWIDE,ID,16990,,
ADAMS,IL,17001,,
ALEXANDER,IL,17003,16020,"Cape Girardeau-Jackson, MO-IL"
BOND,IL,17005,41180,"St. Louis, MO-IL"
BOONE,IL,17007,40420,"Rockford, IL"
BROWN,IL,17009,,
BUREAU,IL,17011,,
CALHOUN,IL,17013,41180,"St. Louis, MO-IL"
CARROLL,IL,17015,,
CASS,IL,17017,,
CHAMPAIGN,IL,17019,16580,"Champaign-Urbana, IL"
CHRISTIAN,IL,17021,,
CLARK,IL,17023,,
CLAY,IL,17025,,
CLINTON,IL,17027,41180,"St. Louis, MO-IL"
COLES,IL,17029,,
COOK,IL,17031,16974,"Chicago-Joliet-Naperville, IL"
CRAWFORD,IL,17033,,
CUMBERLAND,IL,17035,,
DE KALB,IL,17037,16974,"Chicago-Joliet-Naperville, IL"
DE WITT,IL,17039,,
DOUGLAS,IL,17041,,
DU PAGE,IL,17043,16974,"Chicago-Joliet-Naperville, IL"
EDGAR,IL,17045,,
EDWARDS,IL,17047,,
EFFINGHAM,IL,17049,,
FAYETTE,IL,17051,,
FORD,IL,17053,16580,"Champaign-Urbana, IL"
FRANKLIN,IL,17055,,
FULTON,IL,17057,,
GALLATIN,IL,17059,,
GREENE,IL,17061,,
GRUNDY,IL,17063,16974,"Chicago-Joliet-Naperville, IL"
HAMILTON,IL,17065,,
HANCOCK,IL,17067,,
HARDIN,IL,17069,,
HENDERSON,IL,17071,,
HENRY,IL,17073,19340,"Davenport-Moline-Rock Island, IA-IL"
IROQUOIS,IL,17075,,
JACKSON,IL,17077,,
JASPER,IL,17079,,
JEFFERSON,IL,17081,,
JERSEY,IL,17083,41180,"St. Louis, MO-IL"
JO DAVIESS,IL,17085,,
JOHNSON,IL,17087,,
KANE,IL,17089,16974,"Chicago-Joliet-Naperville, IL"
KANKAKEE,IL,17091,28100,"Kankakee-Bradley, IL"
KENDALL,IL,17093,16974,"Chicago-Joliet-Naperville, IL"
KNOX,IL,17095,,
LAKE,IL,17097,29404,"Lake County-Kenosha County, IL-WI"
LA SALLE,IL,17099,,
LAWRENCE,IL,17101,,
LEE,IL,17103,,
LIVINGSTON,IL,17105,,
LOGAN,IL,17107,,
MC DONOUGH,IL,17109,,
MC HENRY,IL,17111,16974,"Chicago-Joliet-Naperville, IL"
MC LEAN,IL,17113,14060,"Bloomington-Normal, IL"
MACON,IL,17115,19500,"Decatur, IL"
MACOUPIN,IL,17117,41180,"St. Louis, MO-IL"
MADISON,IL,17119,41180,"St. Louis, MO-IL"
MARION,IL,17121,,
MARSHALL,IL,17123,37900,"Peoria, IL"
MASON,IL,17125,,
MASSAC,IL,17127,,
MENARD,IL,17129,44100,"Springfield, IL"
MERCER,IL,17131,19340,"Davenport-Moline-Rock Island, IA-IL"
MONROE,IL,17133,41180,"St. Louis, MO-IL"
MONTGOMERY,IL,17135,,
MORGAN,IL,17137,,
MOULTRIE,IL,17139,,
OGLE,IL,17141,,
PEORIA,IL,17143,37900,"Peoria, IL"
PERRY,IL,17145,,
PIATT,IL,17147,16580,"Champaign-Urbana, IL"
PIKE,IL,17149,,
POPE,IL,17151,,
PULASKI,IL,17153,,
PUTNAM,IL,17155,,
RANDOLPH,IL,17157,,
RICHLAND,IL,17159,,
ROCK ISLAND,IL,17161,19340,"Davenport-Moline-Rock Island, IA-IL"
ST. CLAIR,IL,17163,41180,"St. Louis, MO-IL"
SALINE,IL,17165,,
SANGAMON,IL,17167,44100,"Springfield, IL"
SCHUYLER,IL,17169,,
SCOTT,IL,17171,,
SHELBY,IL,17173,,
STARK,IL,17175,37900,"Peoria, IL"
STEPHENSON,IL,17177,,
TAZEWELL,IL,17179,37900,"Peoria, IL"
UNION,IL,17181,,
VERMILION,IL,17183,19180,"Danville, IL"
WABASH,IL,17185,,
WARREN,IL,17187,,
WASHINGTON,IL,17189,,
WAYNE,IL,17191,,
WHITE,IL,17193,,
WHITESIDE,IL,17195,,
WILL,IL,17197,16974,"Chicago-Joliet-Naperville, IL"
WILLIAMSON,IL,17199,,
WINNEBAGO,IL,17201,40420,"Rockford, IL"
WOODFORD,IL,17203,37900,"Peoria, IL"
STATEWIDE,IL,17990,,
ADAMS,IN,18001,,
ALLEN,IN,18003,23060,"Fort Wayne, IN"
BARTHOLOMEW,IN,18005,18020,"Columbus, IN"
BENTON,IN,18007,29140,"Lafayette, IN"
BLACKFORD,IN,18009,,
BOONE,IN,18011,26900,"Indianapolis-Carmel, IN"
BROWN,IN,18013,26900,"Indianapolis-Carmel, IN"
CARROLL,IN,18015,29140,"Lafayette, IN"
CASS,IN,18017,,
CLARK,IN,18019,31140,"Louisville-Jefferson County, KY-IN"
CLAY,IN,18021,45460,"Terre Haute, IN"
CLINTON,IN,18023,,
CRAWFORD,IN,18025,,
DAVIESS,IN,18027,,
DEARBORN,IN,18029,17140,"Cincinnati-Middletown, OH-KY-IN"
DECATUR,IN,18031,,
DE KALB,IN,18033,,
DELAWARE,IN,18035,34620,"Muncie, IN"
DUBOIS,IN,18037,,
ELKHART,IN,18039,21140,"Elkhart-Goshen, IN"
FAYETTE,IN,18041,,
FLOYD,IN,18043,31140,"Louisville-Jefferson County, KY-IN"
FOUNTAIN,IN,18045,,
FRANKLIN,IN,18047,17140,"Cincinnati-Middletown, OH-KY-IN"
FULTON,IN,18049,,
GIBSON,IN,18051,21780,"Evansville, IN-KY"
GRANT,IN,18053,,
GREENE,IN,18055,14020,"Bloomington, IN"
HAMILTON,IN,18057,26900,"Indianapolis-Carmel, IN"
HANCOCK,IN,18059,26900,"Indianapolis-Carmel, IN"
HARRISON,IN,18061,31140,"Louisville-Jefferson County, KY-IN"
HENDRICKS,IN,18063,26900,"Indianapolis-Carmel, IN"
HENRY,IN,18065,,
HOWARD,IN,18067,29020,"Kokomo, IN"
HUNTINGTON,IN,18069,,
JACKSON,IN,18071,,
JASPER,IN,18073,23844,"Gary, IN"
JAY,IN,18075,,
JEFFERSON,IN,18077,,
JENNINGS,IN,18079,,
JOHNSON,IN,18081,26900,"Indianapolis-Carmel, IN"
KNOX,IN,18083,,
KOSCIUSKO,IN,18085,,
LAGRANGE,IN,18087,,
LAKE,IN,18089,23844,"Gary, IN"
LA PORTE,IN,18091,33140,"Michigan City-La Porte, IN"
LAWRENCE,IN,18093,,
MADISON,IN,18095,11300,"Anderson, IN"
MARION,IN,18097,26900,"Indianapolis-Carmel, IN"
MARSHALL,IN,18099,,
MARTIN,IN,18101,,
MIAMI,IN,18103,,
MONROE,IN,18105,14020,"Bloomington, IN"
MONTGOMERY,IN,18107,,
MORGAN,IN,18109,26900,"Indianapolis-Carmel, IN"
NEWTON,IN,18111,23844,"Gary, IN"
NOBLE,IN,18113,,
OHIO,IN,18115,17140,"Cincinnati-Middletown, OH-KY-IN"
ORANGE,IN,18117,,
OWEN,IN,18119,14020,"Bloomington, IN"
PARKE,IN,18121,,
PERRY,IN,18123,,
PIKE,IN,18125,,
PORTER,IN,18127,23844,"Gary, IN"
POSEY,IN,18129,21780,"Evansville, IN-KY"
PULASKI,IN,18131,,
PUTNAM,IN,18133,26900,"Indianapolis-Carmel, IN"
RANDOLPH,IN,18135,,
RIPLEY,IN,18137,,
RUSH,IN,18139,,
ST. JOSEPH,IN,18141,43780,"South Bend-Mishawaka, IN-MI"
SCOTT,IN,18143,,
SHELBY,IN,18145,26900,"Indianapolis-Carmel, IN"
SPENCER,IN,18147,,
STARKE,IN,18149,,
STEUBEN,IN,18151,,
SULLIVAN,IN,18153,45460,"Terre Haute, IN"
SWITZERLAND,IN,18155,,
TIPPECANOE,IN,18157,29140,"Lafayette, IN"
TIPTON,IN,18159,29020,"Kokomo, IN"
UNION,IN,18161,,
VANDERBURGH,IN,18163,21780,"Evansville, IN-KY"
VERMILLION,IN,18165,45460,"Terre Haute, IN"
VIGO,IN,18167,45460,"Terre Haute, IN"
WABASH,IN,18169,,
WARREN,IN,18171,,
WARRICK,IN,18173,21780,"Evansville, IN-KY"
WASHINGTON,IN,18175,31140,"Louisville-Jefferson County, KY-IN"
WAYNE,IN,18177,,
WELLS,IN,18179,23060,"Fort Wayne, IN"
WHITE,IN,18181,,
WHITLEY,IN,18183,23060,"Fort Wayne, IN"
STATEWIDE,IN,18990,,
ADAIR,IA,19001,,
ADAMS,IA,19003,,
ALLAMAKEE,IA,19005,,
APPANOOSE,IA,19007,,
AUDUBON,IA,19009,,
BENTON,IA,19011,16300,"Cedar Rapids, IA"
BLACK HAWK,IA,19013,47940,"Waterloo-Cedar Falls, IA"
BOONE,IA,19015,,
BREMER,IA,19017,47940,"Waterloo-Cedar Falls, IA"
BUCHANAN,IA,19019,,
BUENA VISTA,IA,19021,,
BUTLER,IA,19023,,
CALHOUN,IA,19025,,
CARROLL,IA,19027,,
CASS,IA,19029,,
CEDAR,IA,19031,,
CERRO GORDO,IA,19033,,
CHEROKEE,IA,19035,,
CHICKASAW,IA,19037,,
CLARKE,IA,19039,,
CLAY,IA,19041,,
CLAYTON,IA,19043,,
CLINTON,IA,19045,,
CRAWFORD,IA,19047,,
DALLAS,IA,19049,19780,"Des Moines-West Des Moines,IA"
DAVIS,IA,19051,,
DECATUR,IA,19053,,
DELAWARE,IA,19055,,
DES MOINES,IA,19057,,
DICKINSON,IA,19059,,
DUBUQUE,IA,19061,20220,"Dubuque, IA"
EMMET,IA,19063,,
FAYETTE,IA,19065,,
FLOYD,IA,19067,,
FRANKLIN,IA,19069,,
FREMONT,IA,19071,,
GREENE,IA,19073,,
GRUNDY,IA,19075,47940,"Waterloo-Cedar Falls, IA"
GUTHRIE,IA,19077,19780,"Des Moines-West Des Moines,IA"
HAMILTON,IA,19079,,
HANCOCK,IA,19081,,
HARDIN,IA,19083,,
HARRISON,IA,19085,36540,"Omaha-Council Bluffs, NE-IA"
HENRY,IA,19087,,
HOWARD,IA,19089,,
HUMBOLDT,IA,19091,,
IDA,IA,19093,,
IOWA,IA,19095,,
JACKSON,IA,19097,,
JASPER,IA,19099,,
JEFFERSON,IA,19101,,
JOHNSON,IA,19103,26980,"Iowa City, IA"
JONES,IA,19105,16300,"Cedar Rapids, IA"
KEOKUK,IA,19107,,
KOSSUTH,IA,19109,,
LEE,IA,19111,,
LINN,IA,19113,16300,"Cedar Rapids, IA"
LOUISA,IA,19115,,
LUCAS,IA,19117,,
LYON,IA,19119,,
MADISON,IA,19121,19780,"Des Moines-West Des Moines,IA"
MAHASKA,IA,19123,,
MARION,IA,19125,,
MARSHALL,IA,19127,,
MILLS,IA,19129,36540,"Omaha-Council Bluffs, NE-IA"
MITCHELL,IA,19131,,
MONONA,IA,19133,,
MONROE,IA,19135,,
MONTGOMERY,IA,19137,,
MUSCATINE,IA,19139,,
OBRIEN,IA,19141,,
OSCEOLA,IA,19143,,
PAGE,IA,19145,,
PALO ALTO,IA,19147,,
PLYMOUTH,IA,19149,,
POCAHONTAS,IA,19151,,
POLK,IA,19153,19780,"Des Moines-West Des Moines,IA"
POTTAWATTAMIE,IA,19155,36540,"Omaha-Council Bluffs, NE-IA"
POWESHIEK,IA,19157,,
RINGGOLD,IA,19159,,
SAC,IA,19161,,
SCOTT,IA,19163,19340,"Davenport-Moline-Rock Island, IA-IL"
SHELBY,IA,19165,,
SIOUX,IA,19167,,
STORY,IA,19169,11180,"Ames, IA"
TAMA,IA,19171,,
TAYLOR,IA,19173,,
UNION,IA,19175,,
VAN BUREN,IA,19177,,
WAPELLO,IA,19179,,
WARREN,IA,19181,19780,"Des Moines-West Des Moines,IA"
WASHINGTON,IA,19183,26980,"Iowa City, IA"
WAYNE,IA,19185,,
WEBSTER,IA,19187,,
WINNEBAGO,IA,19189,,
WINNESHIEK,IA,19191,,
WOODBURY,IA,19193,43580,"Sioux City, IA-NE-SD"
WORTH,IA,19195,,
WRIGHT,IA,19197,,
STATEWIDE,IA,19990,,
ALLEN,KS,20001,,
ANDERSON,KS,20003,,
ATCHISON,KS,20005,,
BARBER,KS,20007,,
BARTON,KS,20009,,
BOURBON,KS,20011,,
BROWN,KS,20013,,
BUTLER,KS,20015,48620,"Wichita, KS"
CHASE,KS,20017,,
CHAUTAUQUA,KS,20019,,
CHEROKEE,KS,20021,,
CHEYENNE,KS,20023,,
CLARK,KS,20025,,
CLAY,KS,20027,,
CLOUD,KS,20029,,
COFFEY,KS,20031,,
COMANCHE,KS,20033,,
COWLEY,KS,20035,,
CRAWFORD,KS,20037,,
DECATUR,KS,20039,,
DICKINSON,KS,20041,,
DONIPHAN,KS,20043,41140,"St. Joseph, MO-KS"
DOUGLAS,KS,20045,29940,"Lawrence, KS"
EDWARDS,KS,20047,,
ELK,KS,20049,,
ELLIS,KS,20051,,
ELLSWORTH,KS,20053,,
FINNEY,KS,20055,,
FORD,KS,20057,,
FRANKLIN,KS,20059,28140,"Kansas City, MO-KS"
GEARY,KS,20061,31740,"Mahattan, KS"
GOVE,KS,20063,,
GRAHAM,KS,20065,,
GRANT,KS,20067,,
GRAY,KS,20069,,
GREELEY,KS,20071,,
GREENWOOD,KS,20073,,
HAMILTON,KS,20075,,
HARPER,KS,20077,,
HARVEY,KS,20079,48620,"Wichita, KS"
HASKELL,KS,20081,,
HODGEMAN,KS,20083,,
JACKSON,KS,20085,45820,"Topeka, KS"
JEFFERSON,KS,20087,45820,"Topeka, KS"
JEWELL,KS,20089,,
JOHNSON,KS,20091,28140,"Kansas City, MO-KS"
KEARNY,KS,20093,,
KINGMAN,KS,20095,,
KIOWA,KS,20097,,
LABETTE,KS,20099,,
LANE,KS,20101,,
LEAVENWORTH,KS,20103,28140,"Kansas City, MO-KS"
LINCOLN,KS,20105,,
LINN,KS,20107,28140,"Kansas City, MO-KS"
LOGAN,KS,20109,,
LYON,KS,20111,,
MCPHERSON,KS,20113,,
MARION,KS,20115,,
MARSHALL,KS,20117,,
MEADE,KS,20119,,
MIAMI,KS,20121,28140,"Kansas City, MO-KS"
MITCHELL,KS,20123,,
MONTGOMERY,KS,20125,,
MORRIS,KS,20127,,
MORTON,KS,20129,,
NEMAHA,KS,20131,,
NEOSHO,KS,20133,,
NESS,KS,20135,,
NORTON,KS,20137,,
OSAGE,KS,20139,45820,"Topeka, KS"
OSBORNE,KS,20141,,
OTTAWA,KS,20143,,
PAWNEE,KS,20145,,
PHILLIPS,KS,20147,,
POTTAWATOMIE,KS,20149,31740,"Mahattan, KS"
PRATT,KS,20151,,
RAWLINS,KS,20153,,
RENO,KS,20155,,
REPUBLIC,KS,20157,,
RICE,KS,20159,,
RILEY,KS,20161,31740,"Mahattan, KS"
ROOKS,KS,20163,,
RUSH,KS,20165,,
RUSSELL,KS,20167,,
SALINE,KS,20169,,
SCOTT,KS,20171,,
SEDGWICK,KS,20173,48620,"Wichita, KS"
SEWARD,KS,20175,,
SHAWNEE,KS,20177,45820,"Topeka, KS"
SHERIDAN,KS,20179,,
SHERMAN,KS,20181,,
SMITH,KS,20183,,
STAFFORD,KS,20185,,
STANTON,KS,20187,,
STEVENS,KS,20189,,
SUMNER,KS,20191,48620,"Wichita, KS"
THOMAS,KS,20193,,
TREGO,KS,20195,,
WABAUNSEE,KS,20197,45820,"Topeka, KS"
WALLACE,KS,20199,,
WASHINGTON,KS,20201,,
WICHITA,KS,20203,,
WILSON,KS,20205,,
WOODSON,KS,20207,,
WYANDOTTE,KS,20209,28140,"Kansas City, MO-KS"
STATEWIDE,KS,20990,,
ADAIR,KY,21001,,
ALLEN,KY,21003,,
ANDERSON,KY,21005,,
BALLARD,KY,21007,,
BARREN,KY,21009,,
BATH,KY,21011,,
BELL,KY,21013,,
BOONE,KY,21015,17140,"Cincinnati-Middletown, OH-KY-IN"
BOURBON,KY,21017,30460,"Lexington-Fayette, KY"
BOYD,KY,21019,26580,"Huntington-Ashland, WV-KY-OH"
BOYLE,KY,21021,,
BRACKEN,KY,21023,17140,"Cincinnati-Middletown, OH-KY-IN"
BREATHITT,KY,21025,,
BRECKINRIDGE,KY,21027,,
BULLITT,KY,21029,31140,"Louisville-Jefferson County, KY-IN"
BUTLER,KY,21031,,
CALDWELL,KY,21033,,
CALLOWAY,KY,21035,,
CAMPBELL,KY,21037,17140,"Cincinnati-Middletown, OH-KY-IN"
CARLISLE,KY,21039,,
CARROLL,KY,21041,,
CARTER,KY,21043,,
CASEY,KY,21045,,
CHRISTIAN,KY,21047,17300,"Clarksville, TN-KY"
CLARK,KY,21049,30460,"Lexington-Fayette, KY"
CLAY,KY,21051,,
CLINTON,KY,21053,,
CRITTENDEN,KY,21055,,
CUMBERLAND,KY,21057,,
DAVIESS,KY,21059,36980,"Owensboro, KY"
EDMONSON,KY,21061,14540,"Bowling Green, KY"
ELLIOTT,KY,21063,,
ESTILL,KY,21065,,
FAYETTE,KY,21067,30460,"Lexington-Fayette, KY"
FLEMING,KY,21069,,
FLOYD,KY,21071,,
FRANKLIN,KY,21073,,
FULTON,KY,21075,,
GALLATIN,KY,21077,17140,"Cincinnati-Middletown, OH-KY-IN"
GARRARD,KY,21079,,
GRANT,KY,21081,17140,"Cincinnati-Middletown, OH-KY-IN"
GRAVES,KY,21083,,
GRAYSON,KY,21085,,
GREEN,KY,21087,,
GREENUP,KY,21089,26580,"Huntington-Ashland, WV-KY-OH"
HANCOCK,KY,21091,36980,"Owensboro, KY"
HARDIN,KY,21093,21060,"Elizabethtown, KY"
HARLAN,KY,21095,,
HARRISON,KY,21097,,
HART,KY,21099,,
HENDERSON,KY,21101,21780,"Evansville, IN-KY"
HENRY,KY,21103,31140,"Louisville-Jefferson County, KY-IN"
HICKMAN,KY,21105,,
HOPKINS,KY,21107,,
JACKSON,KY,21109,,
JEFFERSON,KY,21111,31140,"Louisville-Jefferson County, KY-IN"
JESSAMINE,KY,21113,30460,"Lexington-Fayette, KY"
JOHNSON,KY,21115,,
KENTON,KY,21117,17140,"Cincinnati-Middletown, OH-KY-IN"
KNOTT,KY,21119,,
KNOX,KY,21121,,
LARUE,KY,21123,21060,"Elizabethtown, KY"
LAUREL,KY,21125,,
LAWRENCE,KY,21127,,
LEE,KY,21129,,
LESLIE,KY,21131,,
LETCHER,KY,21133,,
LEWIS,KY,21135,,
LINCOLN,KY,21137,,
LIVINGSTON,KY,21139,,
LOGAN,KY,21141,,
LYON,KY,21143,,
MC CRACKEN,KY,21145,,
MC CREARY,KY,21147,,
MC LEAN,KY,21149,36980,"Owensboro, KY"
MADISON,KY,21151,,
MAGOFFIN,KY,21153,,
MARION,KY,21155,,
MARSHALL,KY,21157,,
MARTIN,KY,21159,,
MASON,KY,21161,,
MEADE,KY,21163,31140,"Louisville-Jefferson County, KY-IN"
MENIFEE,KY,21165,,
MERCER,KY,21167,,
METCALFE,KY,21169,,
MONROE,KY,21171,,
MONTGOMERY,KY,21173,,
MORGAN,KY,21175,,
MUHLENBERG,KY,21177,,
NELSON,KY,21179,31140,"Louisville-Jefferson County, KY-IN"
NICHOLAS,KY,21181,,
OHIO,KY,21183,,
OLDHAM,KY,21185,31140,"Louisville-Jefferson County, KY-IN"
OWEN,KY,21187,,
OWSLEY,KY,21189,,
PENDLETON,KY,21191,17140,"Cincinnati-Middletown, OH-KY-IN"
PERRY,KY,21193,,
PIKE,KY,21195,,
POWELL,KY,21197,,
PULASKI,KY,21199,,
ROBERTSON,KY,21201,,
ROCKCASTLE,KY,21203,,
ROWAN,KY,21205,,
RUSSELL,KY,21207,,
SCOTT,KY,21209,30460,"Lexington-Fayette, KY"
SHELBY,KY,21211,31140,"Louisville-Jefferson County, KY-IN"
SIMPSON,KY,21213,,
SPENCER,KY,21215,31140,"Louisville-Jefferson County, KY-IN"
TAYLOR,KY,21217,,
TODD,KY,21219,,
TRIGG,KY,21221,17300,"Clarksville, TN-KY"
TRIMBLE,KY,21223,31140,"Louisville-Jefferson County, KY-IN"
UNION,KY,21225,,
WARREN,KY,21227,14540,"Bowling Green, KY"
WASHINGTON,KY,21229,,
WAYNE,KY,21231,,
WEBSTER,KY,21233,21780,"Evansville, IN-KY"
WHITLEY,KY,21235,,
WOLFE,KY,21237,,
WOODFORD,KY,21239,30460,"Lexington-Fayette, KY"
STATEWIDE,KY,21990,,
ACADIA,LA,22001,,
ALLEN,LA,22003,,
ASCENSION,LA,22005,12940,"Baton Rouge, LA"
ASSUMPTION,LA,22007,,
AVOYELLES,LA,22009,,
BEAUREGARD,LA,22011,,
BIENVILLE,LA,22013,,
BOSSIER,LA,22015,43340,"Shreveport-Bossier City, LA"
CADDO,LA,22017,43340,"Shreveport-Bossier City, LA"
CALCASIEU,LA,22019,29340,"Lake Charles, LA"
CALDWELL,LA,22021,,
CAMERON,LA,22023,29340,"Lake Charles, LA"
CATAHOULA,LA,22025,,
CLAIBORNE,LA,22027,,
CONCORDIA,LA,22029,,
DE SOTO,LA,22031,43340,"Shreveport-Bossier City, LA"
E. BATON ROUGE,LA,22033,12940,"Baton Rouge, LA"
EAST CARROLL,LA,22035,,
EAST FELICIANA,LA,22037,12940,"Baton Rouge, LA"
EVANGELINE,LA,22039,,
FRANKLIN,LA,22041,,
GRANT,LA,22043,10780,"Alexandria, LA"
IBERIA,LA,22045,,
IBERVILLE,LA,22047,12940,"Baton Rouge, LA"
JACKSON,LA,22049,,
JEFFERSON,LA,22051,35380,"New Orleans-Metairie-Kenner, LA"
JEFFRSON DAVIS,LA,22053,,
LAFAYETTE,LA,22055,29180,"Lafayette, LA"
LAFOURCHE,LA,22057,26380,"Houma-Bayou Cane-Thibodaux, LA"
LA SALLE,LA,22059,,
LINCOLN,LA,22061,,
LIVINGSTON,LA,22063,12940,"Baton Rouge, LA"
MADISON,LA,22065,,
MOREHOUSE,LA,22067,,
NATCHITOCHES,LA,22069,,
ORLEANS,LA,22071,35380,"New Orleans-Metairie-Kenner, LA"
OUACHITA,LA,22073,33740,"Monroe, LA"
PLAQUEMINES,LA,22075,35380,"New Orleans-Metairie-Kenner, LA"
POINTE COUPEE,LA,22077,12940,"Baton Rouge, LA"
RAPIDES,LA,22079,10780,"Alexandria, LA"
RED RIVER,LA,22081,,
RICHLAND,LA,22083,,
SABINE,LA,22085,,
ST. BERNARD,LA,22087,35380,"New Orleans-Metairie-Kenner, LA"
ST. CHARLES,LA,22089,35380,"New Orleans-Metairie-Kenner, LA"
ST. HELENA,LA,22091,12940,"Baton Rouge, LA"
ST. JAMES,LA,22093,,
ST. JOHN BAPTIST,LA,22095,35380,"New Orleans-Metairie-Kenner, LA"
ST. LANDRY,LA,22097,,
ST. MARTIN,LA,22099,29180,"Lafayette, LA"
ST. MARY,LA,22101,,
ST. TAMMANY,LA,22103,35380,"New Orleans-Metairie-Kenner, LA"
TANGIPAHOA,LA,22105,,
TENSAS,LA,22107,,
TERREBONNE,LA,22109,26380,"Houma-Bayou Cane-Thibodaux, LA"
UNION,LA,22111,33740,"Monroe, LA"
VERMILION,LA,22113,,
VERNON,LA,22115,,
WASHINGTON,LA,22117,,
WEBSTER,LA,22119,,
W. BATON ROUGE,LA,22121,12940,"Baton Rouge, LA"
WEST CARROLL,LA,22123,,
WEST FELICIANA,LA,22125,12940,"Baton Rouge, LA"
WINN,LA,22127,,
STATEWIDE,LA,22990,,
ANDROSCOGGIN,ME,23001,30340,"Lewiston-Auburn, ME"
AROOSTOOK,ME,23003,,
CUMBERLAND,ME,23005,38860,"Portland-South Portland-Biddeford, ME"
FRANKLIN,ME,23007,,
HANCOCK,ME,23009,,
KENNEBEC,ME,23011,,
KNOX,ME,23013,,
LINCOLN,ME,23015,,
OXFORD,ME,23017,,
PENOBSCOT,ME,23019,12620,"Bangor, ME"
PISCATAQUIS,ME,23021,,
SAGADAHOC,ME,23023,38860,"Portland-South Portland-Biddeford, ME"
SOMERSET,ME,23025,,
WALDO,ME,23027,,
WASHINGTON,ME,23029,,
YORK,ME,23031,38860,"Portland-South Portland-Biddeford, ME"
STATEWIDE,ME,23990,,
ALLEGANY,MD,24001,19060,"Cumberland, MD-WV"
ANNE ARUNDEL,MD,24003,12580,"Baltimore-Towson, MD"
BALTIMORE,MD,24005,12580,"Baltimore-Towson, MD"
CALVERT,MD,24009,47894,Washington-Arlington-Alexandria DC-VA
CAROLINE,MD,24011,,
CARROLL,MD,24013,12580,"Baltimore-Towson, MD"
CECIL,MD,24015,48864,"Wilmington, DE-MD-NJ"
CHARLES,MD,24017,47894,Washington-Arlington-Alexandria DC-VA
DORCHESTER,MD,24019,,
FREDERICK,MD,24021,13644,"Bethesda-Rockville-Frederick, MD"
GARRETT,MD,24023,,
HARFORD,MD,24025,12580,"Baltimore-Towson, MD"
HOWARD,MD,24027,12580,"Baltimore-Towson, MD"
KENT,MD,24029,,
MONTGOMERY,MD,24031,13644,"Bethesda-Rockville-Frederick, MD"
PRINCE GEORGES,MD,24033,47894,Washington-Arlington-Alexandria DC-VA
QUEEN ANNES,MD,24035,12580,"Baltimore-Towson, MD"
ST. MARYS,MD,24037,,
SOMERSET,MD,24039,41540,"Salisbury, MD"
TALBOT,MD,24041,,
WASHINGTON,MD,24043,25180,"Hagerstown-Martinsburg, MD-WV"
WICOMICO,MD,24045,41540,"Salisbury, MD"
WORCESTER,MD,24047,,
BALTIMORE CITY,MD,24510,12580,"Baltimore-Towson, MD"
STATEWIDE,MD,24990,,
BARNSTABLE,MA,25001,12700,"Barnstable Town, MA"
BERKSHIRE,MA,25003,38340,"Pittsfield, MA"
BRISTOL,MA,25005,39300,"Providence-New Bedford-Fall River, RI-M"
DUKES,MA,25007,,
ESSEX,MA,25009,37764,"Peabody, MA"
FRANKLIN,MA,25011,44140,"Springfield, MA"
HAMPDEN,MA,25013,44140,"Springfield, MA"
HAMPSHIRE,MA,25015,44140,"Springfield, MA"
MIDDLESEX,MA,25017,15764,"Cambridge-Newton-Framingham, MA"
NANTUCKET,MA,25019,,
NORFOLK,MA,25021,14484,"Boston-Quincy, MA"
PLYMOUTH,MA,25023,14484,"Boston-Quincy, MA"
SUFFOLK,MA,25025,14484,"Boston-Quincy, MA"
WORCESTER,MA,25027,49340,"Worcester, MA"
STATEWIDE,MA,25990,,
ALCONA,MI,26001,,
ALGER,MI,26003,,
ALLEGAN,MI,26005,,
ALPENA,MI,26007,,
ANTRIM,MI,26009,,
ARENAC,MI,26011,,
BARAGA,MI,26013,,
BARRY,MI,26015,24340,"Grand Rapids-Wyoming, MI"
BAY,MI,26017,13020,"Bay City, MI"
BENZIE,MI,26019,,
BERRIEN,MI,26021,35660,"Niles-Benton Harbor, MI"
BRANCH,MI,26023,,
CALHOUN,MI,26025,12980,"Battle Creek, MI"
CASS,MI,26027,43780,"South Bend-Mishawaka, IN-MI"
CHARLEVOIX,MI,26029,,
CHEBOYGAN,MI,26031,,
CHIPPEWA,MI,26033,,
CLARE,MI,26035,,
CLINTON,MI,26037,29620,"Lansing-East Lansing, MI"
CRAWFORD,MI,26039,,
DELTA,MI,26041,,
DICKINSON,MI,26043,,
EATON,MI,26045,29620,"Lansing-East Lansing, MI"
EMMET,MI,26047,,
GENESEE,MI,26049,22420,"Flint, MI"
GLADWIN,MI,26051,,
GOGEBIC,MI,26053,,
GRAND TRAVERSE,MI,26055,,
GRATIOT,MI,26057,,
HILLSDALE,MI,26059,,
HOUGHTON,MI,26061,,
HURON,MI,26063,,
INGHAM,MI,26065,29620,"Lansing-East Lansing, MI"
IONIA,MI,26067,24340,"Grand Rapids-Wyoming, MI"
IOSCO,MI,26069,,
IRON,MI,26071,,
ISABELLA,MI,26073,,
JACKSON,MI,26075,27100,"Jackson, MI"
KALAMAZOO,MI,26077,28020,"Kalamazoo-Portage, MI"
KALKASKA,MI,26079,,
KENT,MI,26081,24340,"Grand Rapids-Wyoming, MI"
KEWEENAW,MI,26083,,
LAKE,MI,26085,,
LAPEER,MI,26087,47644,"Warren-Troy-Farmington-Hills, MI"
LEELANAU,MI,26089,,
LENAWEE,MI,26091,,
LIVINGSTON,MI,26093,47644,"Warren-Troy-Farmington-Hills, MI"
LUCE,MI,26095,,
MACKINAC,MI,26097,,
MACOMB,MI,26099,47644,"Warren-Troy-Farmington-Hills, MI"
MANISTEE,MI,26101,,
MARQUETTE,MI,26103,,
MASON,MI,26105,,
MECOSTA,MI,26107,,
MENOMINEE,MI,26109,,
MIDLAND,MI,26111,,
MISSAUKEE,MI,26113,,
MONROE,MI,26115,33780,"Monroe, MI"
MONTCALM,MI,26117,,
MONTMORENCY,MI,26119,,
MUSKEGON,MI,26121,34740,"Muskegon-Norton Shores, MI"
NEWAYGO,MI,26123,24340,"Grand Rapids-Wyoming, MI"
OAKLAND,MI,26125,47644,"Warren-Troy-Farmington-Hills, MI"
OCEANA,MI,26127,,
OGEMAW,MI,26129,,
ONTONAGON,MI,26131,,
OSCEOLA,MI,26133,,
OSCODA,MI,26135,,
OTSEGO,MI,26137,,
OTTAWA,MI,26139,26100,"Holland-Grand Haven, MI"
PRESQUE ISLE,MI,26141,,
ROSCOMMON,MI,26143,,
SAGINAW,MI,26145,40980,"Saginaw-Saginaw Township North, MI"
ST. CLAIR,MI,26147,47644,"Warren-Troy-Farmington-Hills, MI"
ST. JOSEPH,MI,26149,,
SANILAC,MI,26151,,
SCHOOLCRAFT,MI,26153,,
SHIAWASSEE,MI,26155,,
TUSCOLA,MI,26157,,
VAN BUREN,MI,26159,28020,"Kalamazoo-Portage, MI"
WASHTENAW,MI,26161,11460,"Ann Arbor, MI"
WAYNE,MI,26163,19804,"Detroit-Livonia-Dearborn, MI"
WEXFORD,MI,26165,,
STATEWIDE,MI,26990,,
AITKIN,MN,27001,,
ANOKA,MN,27003,33460,"Minneapolis-St. Paul-Bloomington, MN-WI"
BECKER,MN,27005,,
BELTRAMI,MN,27007,,
BENTON,MN,27009,41060,"St. Cloud, MN"
BIG STONE,MN,27011,,
BLUE EARTH,MN,27013,31860,"Mankato-North Mankato, MN"
BROWN,MN,27015,,
CARLTON,MN,27017,20260,"Duluth, MN-WI"
CARVER,MN,27019,33460,"Minneapolis-St. Paul-Bloomington, MN-WI"
CASS,MN,27021,,
CHIPPEWA,MN,27023,,
CHISAGO,MN,27025,33460,"Minneapolis-St. Paul-Bloomington, MN-WI"
CLAY,MN,27027,22020,"Fargo, ND-MN"
CLEARWATER,MN,27029,,
COOK,MN,27031,,
COTTONWOOD,MN,27033,,
CROW WING,MN,27035,,
DAKOTA,MN,27037,33460,"Minneapolis-St. Paul-Bloomington, MN-WI"
DODGE,MN,27039,40340,"Rochester, MN"
DOUGLAS,MN,27041,,
FARIBAULT,MN,27043,,
FILLMORE,MN,27045,,
FREEBORN,MN,27047,,
GOODHUE,MN,27049,,
GRANT,MN,27051,,
HENNEPIN,MN,27053,33460,"Minneapolis-St. Paul-Bloomington, MN-WI"
HOUSTON,MN,27055,29100,"La Crosse, WI-MN"
HUBBARD,MN,27057,,
ISANTI,MN,27059,33460,"Minneapolis-St. Paul-Bloomington, MN-WI"
ITASCA,MN,27061,,
JACKSON,MN,27063,,
KANABEC,MN,27065,,
KANDIYOHI,MN,27067,,
KITTSON,MN,27069,,
KOOCHICHING,MN,27071,,
LAC QUI PARLE,MN,27073,,
LAKE,MN,27075,,
LAKE OF  WOODS,MN,27077,,
LE SUEUR,MN,27079,,
LINCOLN,MN,27081,,
LYON,MN,27083,,
MC LEOD,MN,27085,,
MAHNOMEN,MN,27087,,
MARSHALL,MN,27089,,
MARTIN,MN,27091,,
MEEKER,MN,27093,,
MILLE LACS,MN,27095,,
MORRISON,MN,27097,,
MOWER,MN,27099,,
MURRAY,MN,27101,,
NICOLLET,MN,27103,31860,"Mankato-North Mankato, MN"
NOBLES,MN,27105,,
NORMAN,MN,27107,,
OLMSTED,MN,27109,40340,"Rochester, MN"
OTTER TAIL,MN,27111,,
PENNINGTON,MN,27113,,
PINE,MN,27115,,
PIPESTONE,MN,27117,,
POLK,MN,27119,24220,"Grand Forks, ND-MN"
POPE,MN,27121,,
RAMSEY,MN,27123,33460,"Minneapolis-St. Paul-Bloomington, MN-WI"
RED LAKE,MN,27125,,
REDWOOD,MN,27127,,
RENVILLE,MN,27129,,
RICE,MN,27131,,
ROCK,MN,27133,,
ROSEAU,MN,27135,,
ST. LOUIS,MN,27137,20260,"Duluth, MN-WI"
SCOTT,MN,27139,33460,"Minneapolis-St. Paul-Bloomington, MN-WI"
SHERBURNE,MN,27141,33460,"Minneapolis-St. Paul-Bloomington, MN-WI"
SIBLEY,MN,27143,,
STEARNS,MN,27145,41060,"St. Cloud, MN"
STEELE,MN,27147,,
STEVENS,MN,27149,,
SWIFT,MN,27151,,
TODD,MN,27153,,
TRAVERSE,MN,27155,,
WABASHA,MN,27157,40340,"Rochester, MN"
WADENA,MN,27159,,
WASECA,MN,27161,,
WASHINGTON,MN,27163,33460,"Minneapolis-St. Paul-Bloomington, MN-WI"
WATONWAN,MN,27165,,
WILKIN,MN,27167,,
WINONA,MN,27169,,
WRIGHT,MN,27171,33460,"Minneapolis-St. Paul-Bloomington, MN-WI"
YELLOW MEDCINE,MN,27173,,
STATEWIDE,MN,27990,,
ADAMS,MS,28001,,
ALCORN,MS,28003,,
AMITE,MS,28005,,
ATTALA,MS,28007,,
BENTON,MS,28009,,
BOLIVAR,MS,28011,,
CALHOUN,MS,28013,,
CARROLL,MS,28015,,
CHICKASAW,MS,28017,,
CHOCTAW,MS,28019,,
CLAIBORNE,MS,28021,,
CLARKE,MS,28023,,
CLAY,MS,28025,,
COAHOMA,MS,28027,,
COPIAH,MS,28029,27140,"Jackson, MS"
COVINGTON,MS,28031,,
DE SOTO,MS,28033,32820,"Memphis, TN-MS-AR"
FORREST,MS,28035,25620,"Hattiesburg, MS"
FRANKLIN,MS,28037,,
GEORGE,MS,28039,37700,"Pascagoula, MS"
GREENE,MS,28041,,
GRENADA,MS,28043,,
HANCOCK,MS,28045,25060,"Gulfport-Biloxi, MS"
HARRISON,MS,28047,25060,"Gulfport-Biloxi, MS"
HINDS,MS,28049,27140,"Jackson, MS"
HOLMES,MS,28051,,
HUMPHREYS,MS,28053,,
ISSAQUENA,MS,28055,,
ITAWAMBA,MS,28057,,
JACKSON,MS,28059,37700,"Pascagoula, MS"
JASPER,MS,28061,,
JEFFERSON,MS,28063,,
JEFFERSON DAVIS,MS,28065,,
JONES,MS,28067,,
KEMPER,MS,28069,,
LAFAYETTE,MS,28071,,
LAMAR,MS,28073,25620,"Hattiesburg, MS"
LAUDERDALE,MS,28075,,
LAWRENCE,MS,28077,,
LEAKE,MS,28079,,
LEE,MS,28081,,
LEFLORE,MS,28083,,
LINCOLN,MS,28085,,
LOWNDES,MS,28087,,
MADISON,MS,28089,27140,"Jackson, MS"
MARION,MS,28091,,
MARSHALL,MS,28093,32820,"Memphis, TN-MS-AR"
MONROE,MS,28095,,
MONTGOMERY,MS,28097,,
NESHOBA,MS,28099,,
NEWTON,MS,28101,,
NOXUBEE,MS,28103,,
OKTIBBEHA,MS,28105,,
PANOLA,MS,28107,,
PEARL RIVER,MS,28109,,
PERRY,MS,28111,25620,"Hattiesburg, MS"
PIKE,MS,28113,,
PONTOTOC,MS,28115,,
PRENTISS,MS,28117,,
QUITMAN,MS,28119,,
RANKIN,MS,28121,27140,"Jackson, MS"
SCOTT,MS,28123,,
SHARKEY,MS,28125,,
SIMPSON,MS,28127,27140,"Jackson, MS"
SMITH,MS,28129,,
STONE,MS,28131,25060,"Gulfport-Biloxi, MS"
SUNFLOWER,MS,28133,,
TALLAHATCHIE,MS,28135,,
TATE,MS,28137,32820,"Memphis, TN-MS-AR"
TIPPAH,MS,28139,,
TISHOMINGO,MS,28141,,
TUNICA,MS,28143,32820,"Memphis, TN-MS-AR"
UNION,MS,28145,,
WALTHALL,MS,28147,,
WARREN,MS,28149,,
WASHINGTON,MS,28151,,
WAYNE,MS,28153,,
WEBSTER,MS,28155,,
WILKINSON,MS,28157,,
WINSTON,MS,28159,,
YALOBUSHA,MS,28161,,
YAZOO,MS,28163,,
STATEWIDE,MS,28990,,
ADAIR,MO,29001,,
ANDREW,MO,29003,41140,"St. Joseph, MO-KS"
ATCHISON,MO,29005,,
AUDRAIN,MO,29007,,
BARRY,MO,29009,,
BARTON,MO,29011,,
BATES,MO,29013,28140,"Kansas City, MO-KS"
BENTON,MO,29015,,
BOLLINGER,MO,29017,16020,"Cape Girardeau-Jackson, MO-IL"
BOONE,MO,29019,17860,"Columbia, MO"
BUCHANAN,MO,29021,41140,"St. Joseph, MO-KS"
BUTLER,MO,29023,,
CALDWELL,MO,29025,28140,"Kansas City, MO-KS"
CALLAWAY,MO,29027,27620,"Jefferson City, MO"
CAMDEN,MO,29029,,
CAPE GIRARDEAU,MO,29031,16020,"Cape Girardeau-Jackson, MO-IL"
CARROLL,MO,29033,,
CARTER,MO,29035,,
CASS,MO,29037,28140,"Kansas City, MO-KS"
CEDAR,MO,29039,,
CHARITON,MO,29041,,
CHRISTIAN,MO,29043,44180,"Springfield, MO"
CLARK,MO,29045,,
CLAY,MO,29047,28140,"Kansas City, MO-KS"
CLINTON,MO,29049,28140,"Kansas City, MO-KS"
COLE,MO,29051,27620,"Jefferson City, MO"
COOPER,MO,29053,,
CRAWFORD,MO,29055,41180,"St. Louis, MO-IL"
DADE,MO,29057,,
DALLAS,MO,29059,44180,"Springfield, MO"
DAVIESS,MO,29061,,
DE KALB,MO,29063,41140,"St. Joseph, MO-KS"
DENT,MO,29065,,
DOUGLAS,MO,29067,,
DUNKLIN,MO,29069,,
FRANKLIN,MO,29071,41180,"St. Louis, MO-IL"
GASCONADE,MO,29073,,
GENTRY,MO,29075,,
GREENE,MO,29077,44180,"Springfield, MO"
GRUNDY,MO,29079,,
HARRISON,MO,29081,,
HENRY,MO,29083,,
HICKORY,MO,29085,,
HOLT,MO,29087,,
HOWARD,MO,29089,17860,"Columbia, MO"
HOWELL,MO,29091,,
IRON,MO,29093,,
JACKSON,MO,29095,28140,"Kansas City, MO-KS"
JASPER,MO,29097,27900,"Joplin, MO"
JEFFERSON,MO,29099,41180,"St. Louis, MO-IL"
JOHNSON,MO,29101,,
KNOX,MO,29103,,
LACLEDE,MO,29105,,
LAFAYETTE,MO,29107,28140,"Kansas City, MO-KS"
LAWRENCE,MO,29109,,
LEWIS,MO,29111,,
LINCOLN,MO,29113,41180,"St. Louis, MO-IL"
LINN,MO,29115,,
LIVINGSTON,MO,29117,,
MC DONALD,MO,29119,22220,"Fayetteville-Springdale-Rogers, AR-MO"
MACON,MO,29121,,
MADISON,MO,29123,,
MARIES,MO,29125,,
MARION,MO,29127,,
MERCER,MO,29129,,
MILLER,MO,29131,,
MISSISSIPPI,MO,29133,,
MONITEAU,MO,29135,27620,"Jefferson City, MO"
MONROE,MO,29137,,
MONTGOMERY,MO,29139,,
MORGAN,MO,29141,,
NEW MADRID,MO,29143,,
NEWTON,MO,29145,27900,"Joplin, MO"
NODAWAY,MO,29147,,
OREGON,MO,29149,,
OSAGE,MO,29151,27620,"Jefferson City, MO"
OZARK,MO,29153,,
PEMISCOT,MO,29155,,
PERRY,MO,29157,,
PETTIS,MO,29159,,
PHELPS,MO,29161,,
PIKE,MO,29163,,
PLATTE,MO,29165,28140,"Kansas City, MO-KS"
POLK,MO,29167,44180,"Springfield, MO"
PULASKI,MO,29169,,
PUTNAM,MO,29171,,
RALLS,MO,29173,,
RANDOLPH,MO,29175,,
RAY,MO,29177,28140,"Kansas City, MO-KS"
REYNOLDS,MO,29179,,
RIPLEY,MO,29181,,
ST. CHARLES,MO,29183,41180,"St. Louis, MO-IL"
ST. CLAIR,MO,29185,,
STE. GENEVIEVE,MO,29186,,
ST. FRANCOIS,MO,29187,,
ST. LOUIS,MO,29189,41180,"St. Louis, MO-IL"
SALINE,MO,29195,,
SCHUYLER,MO,29197,,
SCOTLAND,MO,29199,,
SCOTT,MO,29201,,
SHANNON,MO,29203,,
SHELBY,MO,29205,,
STODDARD,MO,29207,,
STONE,MO,29209,,
SULLIVAN,MO,29211,,
TANEY,MO,29213,,
TEXAS,MO,29215,,
VERNON,MO,29217,,
WARREN,MO,29219,41180,"St. Louis, MO-IL"
WASHINGTON,MO,29221,41180,"St. Louis, MO-IL"
WAYNE,MO,29223,,
WEBSTER,MO,29225,44180,"Springfield, MO"
WORTH,MO,29227,,
WRIGHT,MO,29229,,
ST. LOUIS CITY,MO,29510,41180,"St. Louis, MO-IL"
STATEWIDE,MO,29990,,
BEAVERHEAD,MT,30001,,
BIG HORN,MT,30003,,
BLAINE,MT,30005,,
BROADWATER,MT,30007,,
CARBON,MT,30009,13740,"Billings, MT"
CARTER,MT,30011,,
CASCADE,MT,30013,24500,"Great Falls, MT"
CHOUTEAU,MT,30015,,
CUSTER,MT,30017,,
DANIELS,MT,30019,,
DAWSON,MT,30021,,
DEER LODGE,MT,30023,,
FALLON,MT,30025,,
FERGUS,MT,30027,,
FLATHEAD,MT,30029,,
GALLATIN,MT,30031,,
GARFIELD,MT,30033,,
GLACIER,MT,30035,,
GOLDEN VALLEY,MT,30037,,
GRANITE,MT,30039,,
HILL,MT,30041,,
JEFFERSON,MT,30043,,
JUDITH BASIN,MT,30045,,
LAKE,MT,30047,,
LEWIS AND CLARK,MT,30049,,
LIBERTY,MT,30051,,
LINCOLN,MT,30053,,
MCCONE,MT,30055,,
MADISON,MT,30057,,
MEAGHER,MT,30059,,
MINERAL,MT,30061,,
MISSOULA,MT,30063,33540,"Missoula, MT"
MUSSELSHELL,MT,30065,,
PARK,MT,30067,,
PETROLEUM,MT,30069,,
PHILLIPS,MT,30071,,
PONDERA,MT,30073,,
POWDER RIVER,MT,30075,,
POWELL,MT,30077,,
PRAIRIE,MT,30079,,
RAVALLI,MT,30081,,
RICHLAND,MT,30083,,
ROOSEVELT,MT,30085,,
ROSEBUD,MT,30087,,
SANDERS,MT,30089,,
SHERIDAN,MT,30091,,
SILVER BOW,MT,30093,,
STILLWATER,MT,30095,,
SWEET GRASS,MT,30097,,
TETON,MT,30099,,
TOOLE,MT,30101,,
TREASURE,MT,30103,,
VALLEY,MT,30105,,
WHEATLAND,MT,30107,,
WIBAUX,MT,30109,,
YELLOWSTONE,MT,30111,13740,"Billings, MT"
STATEWIDE,MT,30990,,
ADAMS,NE,31001,,
ANTELOPE,NE,31003,,
ARTHUR,NE,31005,,
BANNER,NE,31007,,
BLAINE,NE,31009,,
BOONE,NE,31011,,
BOX BUTTE,NE,31013,,
BOYD,NE,31015,,
BROWN,NE,31017,,
BUFFALO,NE,31019,,
BURT,NE,31021,,
BUTLER,NE,31023,,
CASS,NE,31025,36540,"Omaha-Council Bluffs, NE-IA"
CEDAR,NE,31027,,
CHASE,NE,31029,,
CHERRY,NE,31031,,
CHEYENNE,NE,31033,,
CLAY,NE,31035,,
COLFAX,NE,31037,,
CUMING,NE,31039,,
CUSTER,NE,31041,,
DAKOTA,NE,31043,43580,"Sioux City, IA-NE-SD"
DAWES,NE,31045,,
DAWSON,NE,31047,,
DEUEL,NE,31049,,
DIXON,NE,31051,43580,"Sioux City, IA-NE-SD"
DODGE,NE,31053,,
DOUGLAS,NE,31055,36540,"Omaha-Council Bluffs, NE-IA"
DUNDY,NE,31057,,
FILLMORE,NE,31059,,
FRANKLIN,NE,31061,,
FRONTIER,NE,31063,,
FURNAS,NE,31065,,
GAGE,NE,31067,,
GARDEN,NE,31069,,
GARFIELD,NE,31071,,
GOSPER,NE,31073,,
GRANT,NE,31075,,
GREELEY,NE,31077,,
HALL,NE,31079,,
HAMILTON,NE,31081,,
HARLAN,NE,31083,,
HAYES,NE,31085,,
HITCHCOCK,NE,31087,,
HOLT,NE,31089,,
HOOKER,NE,31091,,
HOWARD,NE,31093,,
JEFFERSON,NE,31095,,
JOHNSON,NE,31097,,
KEARNEY,NE,31099,,
KEITH,NE,31101,,
KEYA PAHA,NE,31103,,
KIMBALL,NE,31105,,
KNOX,NE,31107,,
LANCASTER,NE,31109,30700,"Lincoln, NE"
LINCOLN,NE,31111,,
LOGAN,NE,31113,,
LOUP,NE,31115,,
MC PHERSON,NE,31117,,
MADISON,NE,31119,,
MERRICK,NE,31121,,
MORRILL,NE,31123,,
NANCE,NE,31125,,
NEMAHA,NE,31127,,
NUCKOLLS,NE,31129,,
OTOE,NE,31131,,
PAWNEE,NE,31133,,
PERKINS,NE,31135,,
PHELPS,NE,31137,,
PIERCE,NE,31139,,
PLATTE,NE,31141,,
POLK,NE,31143,,
RED WILLOW,NE,31145,,
RICHARDSON,NE,31147,,
ROCK,NE,31149,,
SALINE,NE,31151,,
SARPY,NE,31153,36540,"Omaha-Council Bluffs, NE-IA"
SAUNDERS,NE,31155,36540,"Omaha-Council Bluffs, NE-IA"
SCOTT BLUFF,NE,31157,,
SEWARD,NE,31159,30700,"Lincoln, NE"
SHERIDAN,NE,31161,,
SHERMAN,NE,31163,,
SIOUX,NE,31165,,
STANTON,NE,31167,,
THAYER,NE,31169,,
THOMAS,NE,31171,,
THURSTON,NE,31173,,
VALLEY,NE,31175,,
WASHINGTON,NE,31177,36540,"Omaha-Council Bluffs, NE-IA"
WAYNE,NE,31179,,
WEBSTER,NE,31181,,
WHEELER,NE,31183,,
YORK,NE,31185,,
STATEWIDE,NE,31990,,
CHURCHILL,NV,32001,,
CLARK,NV,32003,29820,"Las Vegas-Paradise, NV"
DOUGLAS,NV,32005,,
ELKO,NV,32007,,
ESMERALDA,NV,32009,,
EUREKA,NV,32011,,
HUMBOLDT,NV,32013,,
LANDER,NV,32015,,
LINCOLN,NV,32017,,
LYON,NV,32019,,
MINERAL,NV,32021,,
NYE,NV,32023,,
PERSHING,NV,32027,,
STOREY,NV,32029,39900,"Reno-Sparks, NV"
WASHOE,NV,32031,39900,"Reno-Sparks, NV"
WHITE PINE,NV,32033,,
CARSON CITY,NV,32510,16180,"Carson City, NV"
STATEWIDE,NV,32990,,
BELKNAP,NH,33001,,
CARROLL,NH,33003,,
CHESHIRE,NH,33005,,
COOS,NH,33007,,
GRAFTON,NH,33009,,
HILLSBOROUGH,NH,33011,31700,"Manchester-Nashua, NH"
MERRIMACK,NH,33013,,
ROCKINGHAM,NH,33015,40484,"Rockingham County, NH"
STRAFFORD,NH,33017,40484,"Rockingham County, NH"
SULLIVAN,NH,33019,,
STATEWIDE,NH,33990,,
ATLANTIC,NJ,34001,12100,"Atlantic City-Hammonton, NJ"
BERGEN,NJ,34003,35644,"New York-White Plains-Wayne, NY-NJ"
BURLINGTON,NJ,34005,15804,"Camden, NJ"
CAMDEN,NJ,34007,15804,"Camden, NJ"
CAPE MAY,NJ,34009,36140,"Ocean City, NJ"
CUMBERLAND,NJ,34011,47220,"Vineland-Millville-Bridgeton, NJ"
ESSEX,NJ,34013,35084,"Newark-Union, NJ-PA"
GLOUCESTER,NJ,34015,15804,"Camden, NJ"
HUDSON,NJ,34017,35644,"New York-White Plains-Wayne, NY-NJ"
HUNTERDON,NJ,34019,35084,"Newark-Union, NJ-PA"
MERCER,NJ,34021,45940,"Trenton-Ewing, NJ"
MIDDLESEX,NJ,34023,20764,"Edison-New Brunswick, NJ"
MONMOUTH,NJ,34025,20764,"Edison-New Brunswick, NJ"
MORRIS,NJ,34027,35084,"Newark-Union, NJ-PA"
OCEAN,NJ,34029,20764,"Edison-New Brunswick, NJ"
PASSAIC,NJ,34031,35644,"New York-White Plains-Wayne, NY-NJ"
SALEM,NJ,34033,48864,"Wilmington, DE-MD-NJ"
SOMERSET,NJ,34035,20764,"Edison-New Brunswick, NJ"
SUSSEX,NJ,34037,35084,"Newark-Union, NJ-PA"
UNION,NJ,34039,35084,"Newark-Union, NJ-PA"
WARREN,NJ,34041,10900,"Allentown-Bethlehem-Easton, PA-NJ"
STATEWIDE,NJ,34990,,
BERNALILLO,NM,35001,10740,"Albuquerque, NM"
CATRON,NM,35003,,
CHAVES,NM,35005,,
CIBOLA,NM,35006,,
COLFAX,NM,35007,,
CURRY,NM,35009,,
DE BACA,NM,35011,,
DONA ANA,NM,35013,29740,"Las Cruces, NM"
EDDY,NM,35015,,
GRANT,NM,35017,,
GUADALUPE,NM,35019,,
HARDING,NM,35021,,
HIDALGO,NM,35023,,
LEA,NM,35025,,
LINCOLN,NM,35027,,
LOS ALAMOS,NM,35028,,
LUNA,NM,35029,,
MCKINLEY,NM,35031,,
MORA,NM,35033,,
OTERO,NM,35035,,
QUAY,NM,35037,,
RIO ARRIBA,NM,35039,,
ROOSEVELT,NM,35041,,
SANDOVAL,NM,35043,10740,"Albuquerque, NM"
SAN JUAN,NM,35045,22140,"Farmington, NM"
SAN MIGUEL,NM,35047,,
SANTA FE,NM,35049,42140,"Santa Fe, NM"
SIERRA,NM,35051,,
SOCORRO,NM,35053,,
TAOS,NM,35055,,
TORRANCE,NM,35057,10740,"Albuquerque, NM"
UNION,NM,35059,,
VALENCIA,NM,35061,10740,"Albuquerque, NM"
STATEWIDE,NM,35990,,
ALBANY,NY,36001,10580,"Albany-Schenectady-Troy, NY"
ALLEGANY,NY,36003,,
BRONX,NY,36005,35644,"New York-White Plains-Wayne, NY-NJ"
BROOME,NY,36007,13780,"Binghamton, NY"
CATTARAUGUS,NY,36009,,
CAYUGA,NY,36011,,
CHAUTAUQUA,NY,36013,,
CHEMUNG,NY,36015,21300,"Elmira, NY"
CHENANGO,NY,36017,,
CLINTON,NY,36019,,
COLUMBIA,NY,36021,,
CORTLAND,NY,36023,,
DELAWARE,NY,36025,,
DUTCHESS,NY,36027,39100,"Poughkeepsie-Newburgh-Middletown, NY"
ERIE,NY,36029,15380,"Buffalo-Niagara Falls, NY"
ESSEX,NY,36031,,
FRANKLIN,NY,36033,,
FULTON,NY,36035,,
GENESEE,NY,36037,,
GREENE,NY,36039,,
HAMILTON,NY,36041,,
HERKIMER,NY,36043,46540,"U a-Rome, NY"
JEFFERSON,NY,36045,,
KINGS,NY,36047,35644,"New York-White Plains-Wayne, NY-NJ"
LEWIS,NY,36049,,
LIVINGSTON,NY,36051,40380,"Rochester, NY"
MADISON,NY,36053,45060,"Syracuse, NY"
MONROE,NY,36055,40380,"Rochester, NY"
MONTGOMERY,NY,36057,,
NASSAU,NY,36059,35004,"Nassau-Suffolk, NY"
NEW YORK,NY,36061,35644,"New York-White Plains-Wayne, NY-NJ"
NIAGARA,NY,36063,15380,"Buffalo-Niagara Falls, NY"
ONEIDA,NY,36065,46540,"U a-Rome, NY"
ONONDAGA,NY,36067,45060,"Syracuse, NY"
ONTARIO,NY,36069,40380,"Rochester, NY"
ORANGE,NY,36071,39100,"Poughkeepsie-Newburgh-Middletown, NY"
ORLEANS,NY,36073,40380,"Rochester, NY"
OSWEGO,NY,36075,45060,"Syracuse, NY"
OTSEGO,NY,36077,,
PUTNAM,NY,36079,35644,"New York-White Plains-Wayne, NY-NJ"
QUEENS,NY,36081,35644,"New York-White Plains-Wayne, NY-NJ"
RENSSELAER,NY,36083,10580,"Albany-Schenectady-Troy, NY"
RICHMOND,NY,36085,35644,"New York-White Plains-Wayne, NY-NJ"
ROCKLAND,NY,36087,35644,"New York-White Plains-Wayne, NY-NJ"
ST. LAWRENCE,NY,36089,,
SARATOGA,NY,36091,10580,"Albany-Schenectady-Troy, NY"
SCHENECTADY,NY,36093,10580,"Albany-Schenectady-Troy, NY"
SCHOHARIE,NY,36095,10580,"Albany-Schenectady-Troy, NY"
SCHUYLER,NY,36097,,
SENECA,NY,36099,,
STEUBEN,NY,36101,,
SUFFOLK,NY,36103,35004,"Nassau-Suffolk, NY"
SULLIVAN,NY,36105,,
TIOGA,NY,36107,13780,"Binghamton, NY"
TOMPKINS,NY,36109,27060,"Ithaca, NY"
ULSTER,NY,36111,28740,"Kingston, NY"
WARREN,NY,36113,24020,"Glens Falls, NY"
WASHINGTON,NY,36115,24020,"Glens Falls, NY"
WAYNE,NY,36117,40380,"Rochester, NY"
WESTCHESTER,NY,36119,35644,"New York-White Plains-Wayne, NY-NJ"
WYOMING,NY,36121,,
YATES,NY,36123,,
STATEWIDE,NY,36990,,
ALAMANCE,NC,37001,15500,"Burlington, NC"
ALEXANDER,NC,37003,25860,"Hickory-Lenoir-Morganton, NC"
ALLEGHANY,NC,37005,,
ANSON,NC,37007,16740,"Charlotte-Gastonia-Rock Hill, NC-SC"
ASHE,NC,37009,,
AVERY,NC,37011,,
BEAUFORT,NC,37013,,
BERTIE,NC,37015,,
BLADEN,NC,37017,,
BRUNSWICK,NC,37019,48900,"Wilmington, NC"
BUNCOMBE,NC,37021,11700,"Asheville, NC"
BURKE,NC,37023,25860,"Hickory-Lenoir-Morganton, NC"
CABARRUS,NC,37025,16740,"Charlotte-Gastonia-Rock Hill, NC-SC"
CALDWELL,NC,37027,25860,"Hickory-Lenoir-Morganton, NC"
CAMDEN,NC,37029,,
CARTERET,NC,37031,,
CASWELL,NC,37033,,
CATAWBA,NC,37035,25860,"Hickory-Lenoir-Morganton, NC"
CHATHAM,NC,37037,20500,"Durham-Chapel Hill, NC"
CHEROKEE,NC,37039,,
CHOWAN,NC,37041,,
CLAY,NC,37043,,
CLEVELAND,NC,37045,,
COLUMBUS,NC,37047,,
CRAVEN,NC,37049,,
CUMBERLAND,NC,37051,22180,"Fayetteville, NC"
CURRITUCK,NC,37053,47260,"Virginia Beach-Norfolk-Newport News, VA"
DARE,NC,37055,,
DAVIDSON,NC,37057,,
DAVIE,NC,37059,49180,"Winston-Salem, NC"
DUPLIN,NC,37061,,
DURHAM,NC,37063,20500,"Durham-Chapel Hill, NC"
EDGECOMBE,NC,37065,40580,"Rocky Mount, NC"
FORSYTH,NC,37067,49180,"Winston-Salem, NC"
FRANKLIN,NC,37069,39580,"Raleigh-Cary, NC"
GASTON,NC,37071,16740,"Charlotte-Gastonia-Concord, NC-SC"
GATES,NC,37073,,
GRAHAM,NC,37075,,
GRANVILLE,NC,37077,,
GREENE,NC,37079,24780,"Greenville, NC"
GUILFORD,NC,37081,24660,"Greensboro-High Point, NC"
HALIFAX,NC,37083,,
HARNETT,NC,37085,,
HAYWOOD,NC,37087,11700,"Asheville, NC"
HENDERSON,NC,37089,11700,"Asheville, NC"
HERTFORD,NC,37091,,
HOKE,NC,37093,22180,"Fayetteville, NC"
HYDE,NC,37095,,
IREDELL,NC,37097,,
JACKSON,NC,37099,,
JOHNSTON,NC,37101,39580,"Raleigh-Cary, NC"
JONES,NC,37103,,
LEE,NC,37105,,
LENOIR,NC,37107,,
LINCOLN,NC,37109,,
MC DOWELL,NC,37111,,
MACON,NC,37113,,
MADISON,NC,37115,11700,"Asheville, NC"
MARTIN,NC,37117,,
MECKLENBURG,NC,37119,16740,"Charlotte-Gastonia-Concord, NC-SC"
MITCHELL,NC,37121,,
MONTGOMERY,NC,37123,,
MOORE,NC,37125,,
NASH,NC,37127,40580,"Rocky Mount, NC"
NEW HANOVER,NC,37129,48900,"Wilmington, NC"
NORTHAMPTON,NC,37131,,
ONSLOW,NC,37133,27340,"Jacksonville, NC"
ORANGE,NC,37135,20500,"Durham-Chapel Hill, NC"
PAMLICO,NC,37137,,
PASQUOTANK,NC,37139,,
PENDER,NC,37141,48900,"Wilmington, NC"
PERQUIMANS,NC,37143,,
PERSON,NC,37145,20500,"Durham-Chapel Hill, NC"
PITT,NC,37147,24780,"Greenville, NC"
POLK,NC,37149,,
RANDOLPH,NC,37151,24660,"Greensboro-High Point, NC"
RICHMOND,NC,37153,,
ROBESON,NC,37155,,
ROCKINGHAM,NC,37157,24660,"Greensboro-High Point, NC"
ROWAN,NC,37159,,
RUTHERFORD,NC,37161,,
SAMPSON,NC,37163,,
SCOTLAND,NC,37165,,
STANLY,NC,37167,16740,"Charlotte-Gastonia-Concord, NC-SC"
STOKES,NC,37169,49180,"Winston-Salem, NC"
SURRY,NC,37171,,
SWAIN,NC,37173,,
TRANSYLVANIA,NC,37175,,
TYRRELL,NC,37177,,
UNION,NC,37179,16740,"Charlotte-Gastonia-Concord, NC-SC"
VANCE,NC,37181,,
WAKE,NC,37183,39580,"Raleigh-Cary, NC"
WARREN,NC,37185,,
WASHINGTON,NC,37187,,
WATAUGA,NC,37189,,
WAYNE,NC,37191,24140,"Goldsboro, NC"
WILKES,NC,37193,,
WILSON,NC,37195,,
YADKIN,NC,37197,49180,"Winston-Salem, NC"
YANCEY,NC,37199,,
STATEWIDE,NC,37990,,
ADAMS,ND,38001,,
BARNES,ND,38003,,
BENSON,ND,38005,,
BILLINGS,ND,38007,,
BOTTINEAU,ND,38009,,
BOWMAN,ND,38011,,
BURKE,ND,38013,,
BURLEIGH,ND,38015,13900,"Bismarck, ND"
CASS,ND,38017,22020,"Fargo, ND-MN"
CAVALIER,ND,38019,,
DICKEY,ND,38021,,
DIVIDE,ND,38023,,
DUNN,ND,38025,,
EDDY,ND,38027,,
EMMONS,ND,38029,,
FOSTER,ND,38031,,
GOLDEN VALLEY,ND,38033,,
GRAND FORKS,ND,38035,24220,"Grand Forks, ND-MN"
GRANT,ND,38037,,
GRIGGS,ND,38039,,
HETTINGER,ND,38041,,
KIDDER,ND,38043,,
LA MOURE,ND,38045,,
LOGAN,ND,38047,,
MCHENRY,ND,38049,,
MCINTOSH,ND,38051,,
MCKENZIE,ND,38053,,
MCLEAN,ND,38055,,
MERCER,ND,38057,,
MORTON,ND,38059,13900,"Bismarck, ND"
MOUNTRAIL,ND,38061,,
NELSON,ND,38063,,
OLIVER,ND,38065,,
PEMBINA,ND,38067,,
PIERCE,ND,38069,,
RAMSEY,ND,38071,,
RANSOM,ND,38073,,
RENVILLE,ND,38075,,
RICHLAND,ND,38077,,
ROLETTE,ND,38079,,
SARGENT,ND,38081,,
SHERIDAN,ND,38083,,
SIOUX,ND,38085,,
SLOPE,ND,38087,,
STARK,ND,38089,,
STEELE,ND,38091,,
STUTSMAN,ND,38093,,
TOWNER,ND,38095,,
TRAILL,ND,38097,,
WALSH,ND,38099,,
WARD,ND,38101,,
WELLS,ND,38103,,
WILLIAMS,ND,38105,,
STATEWIDE,ND,38990,,
ADAMS,OH,39001,,
ALLEN,OH,39003,30620,"Lima, OH"
ASHLAND,OH,39005,,
ASHTABULA,OH,39007,,
ATHENS,OH,39009,,
AUGLAIZE,OH,39011,,
BELMONT,OH,39013,48540,"Wheeling, WV-OH"
BROWN,OH,39015,17140,"Cincinnati-Middletown, OH-KY-IN"
BUTLER,OH,39017,17140,"Cincinnati-Middletown, OH-KY-IN"
CARROLL,OH,39019,15940,"Canton-Massillon, OH"
CHAMPAIGN,OH,39021,,
CLARK,OH,39023,44220,"Springfield, OH"
CLERMONT,OH,39025,17140,"Cincinnati-Middletown, OH-KY-IN"
CLINTON,OH,39027,,
COLUMBIANA,OH,39029,,
COSHOCTON,OH,39031,,
CRAWFORD,OH,39033,,
CUYAHOGA,OH,39035,17460,"Cleveland-Elyria-Mentor, OH"
DARKE,OH,39037,,
DEFIANCE,OH,39039,,
DELAWARE,OH,39041,18140,"Columbus, OH"
ERIE,OH,39043,41780,"Sandusky, OH"
FAIRFIELD,OH,39045,18140,"Columbus, OH"
FAYETTE,OH,39047,,
FRANKLIN,OH,39049,18140,"Columbus, OH"
FULTON,OH,39051,45780,"Toledo, OH"
GALLIA,OH,39053,,
GEAUGA,OH,39055,17460,"Cleveland-Elyria-Mentor, OH"
GREENE,OH,39057,19380,"Dayton, OH"
GUERNSEY,OH,39059,,
HAMILTON,OH,39061,17140,"Cincinnati-Middletown, OH-KY-IN"
HANCOCK,OH,39063,,
HARDIN,OH,39065,,
HARRISON,OH,39067,,
HENRY,OH,39069,,
HIGHLAND,OH,39071,,
HOCKING,OH,39073,,
HOLMES,OH,39075,,
HURON,OH,39077,,
JACKSON,OH,39079,,
JEFFERSON,OH,39081,44600,"Steubenville-Weirton, WV-OH"
KNOX,OH,39083,,
LAKE,OH,39085,17460,"Cleveland-Elyria-Mentor, OH"
LAWRENCE,OH,39087,26580,"Huntington-Ashland, WV-KY-OH"
LICKING,OH,39089,18140,"Columbus, OH"
LOGAN,OH,39091,,
LORAIN,OH,39093,17460,"Cleveland-Elyria-Mentor, OH"
LUCAS,OH,39095,45780,"Toledo, OH"
MADISON,OH,39097,18140,"Columbus, OH"
MAHONING,OH,39099,49660,"Youngstown-Warren-Boardman, OH-PA"
MARION,OH,39101,,
MEDINA,OH,39103,17460,"Cleveland-Elyria-Mentor, OH"
MEIGS,OH,39105,,
MERCER,OH,39107,,
MIAMI,OH,39109,19380,"Dayton, OH"
MONROE,OH,39111,,
MONTGOMERY,OH,39113,19380,"Dayton, OH"
MORGAN,OH,39115,,
MORROW,OH,39117,18140,"Columbus, OH"
MUSKINGUM,OH,39119,,
NOBLE,OH,39121,,
OTTAWA,OH,39123,45780,"Toledo, OH"
PAULDING,OH,39125,,
PERRY,OH,39127,,
PICKAWAY,OH,39129,18140,"Columbus, OH"
PIKE,OH,39131,,
PORTAGE,OH,39133,10420,"Akron, OH"
PREBLE,OH,39135,19380,"Dayton, OH"
PUTNAM,OH,39137,,
RICHLAND,OH,39139,31900,"Mansfield, OH"
ROSS,OH,39141,,
SANDUSKY,OH,39143,,
SCIOTO,OH,39145,,
SENECA,OH,39147,,
SHELBY,OH,39149,,
STARK,OH,39151,15940,"Canton-Massillon, OH"
SUMMIT,OH,39153,10420,"Akron, OH"
TRUMBULL,OH,39155,49660,"Youngstown-Warren-Boardman, OH-PA"
TUSCARAWAS,OH,39157,,
UNION,OH,39159,18140,"Columbus, OH"
VAN WERT,OH,39161,,
VINTON,OH,39163,,
WARREN,OH,39165,17140,"Cincinnati-Middletown, OH-KY-IN"
WASHINGTON,OH,39167,37620,"Parkersburg-Marietta-Vienna, WV-OH"
WAYNE,OH,39169,,
WILLIAMS,OH,39171,,
WOOD,OH,39173,45780,"Toledo, OH"
WYANDOT,OH,39175,,
STATEWIDE,OH,39990,,
ADAIR,OK,40001,,
ALFALFA,OK,40003,,
ATOKA,OK,40005,,
BEAVER,OK,40007,,
BECKHAM,OK,40009,,
BLAINE,OK,40011,,
BRYAN,OK,40013,,
CADDO,OK,40015,,
CANADIAN,OK,40017,36420,"Oklahoma City, OK"
CARTER,OK,40019,,
CHEROKEE,OK,40021,,
CHOCTAW,OK,40023,,
CIMARRON,OK,40025,,
CLEVELAND,OK,40027,36420,"Oklahoma City, OK"
COAL,OK,40029,,
COMANCHE,OK,40031,30020,"Lawton, OK"
COTTON,OK,40033,,
CRAIG,OK,40035,,
CREEK,OK,40037,46140,"Tulsa, OK"
CUSTER,OK,40039,,
DELAWARE,OK,40041,,
DEWEY,OK,40043,,
ELLIS,OK,40045,,
GARFIELD,OK,40047,,
GARVIN,OK,40049,,
GRADY,OK,40051,36420,"Oklahoma City, OK"
GRANT,OK,40053,,
GREER,OK,40055,,
HARMON,OK,40057,,
HARPER,OK,40059,,
HASKELL,OK,40061,,
HUGHES,OK,40063,,
JACKSON,OK,40065,,
JEFFERSON,OK,40067,,
JOHNSTON,OK,40069,,
KAY,OK,40071,,
KINGFISHER,OK,40073,,
KIOWA,OK,40075,,
LATIMER,OK,40077,,
LE FLORE,OK,40079,22900,"Fort Smith, AR-OK"
LINCOLN,OK,40081,36420,"Oklahoma City, OK"
LOGAN,OK,40083,36420,"Oklahoma City, OK"
LOVE,OK,40085,,
MCCLAIN,OK,40087,36420,"Oklahoma City, OK"
MCCURTAIN,OK,40089,,
MCINTOSH,OK,40091,,
MAJOR,OK,40093,,
MARSHALL,OK,40095,,
MAYES,OK,40097,,
MURRAY,OK,40099,,
MUSKOGEE,OK,40101,,
NOBLE,OK,40103,,
NOWATA,OK,40105,,
OKFUSKEE,OK,40107,,
OKLAHOMA,OK,40109,36420,"Oklahoma City, OK"
OKMULGEE,OK,40111,46140,"Tulsa, OK"
OSAGE,OK,40113,46140,"Tulsa, OK"
OTTAWA,OK,40115,,
PAWNEE,OK,40117,46140,"Tulsa, OK"
PAYNE,OK,40119,,
PITTSBURG,OK,40121,,
PONTOTOC,OK,40123,,
POTTAWATOMIE,OK,40125,,
PUSHMATAHA,OK,40127,,
ROGER MILLS,OK,40129,,
ROGERS,OK,40131,46140,"Tulsa, OK"
SEMINOLE,OK,40133,,
SEQUOYAH,OK,40135,22900,"Fort Smith, AR-OK"
STEPHENS,OK,40137,,
TEXAS,OK,40139,,
TILLMAN,OK,40141,,
TULSA,OK,40143,46140,"Tulsa, OK"
WAGONER,OK,40145,46140,"Tulsa, OK"
WASHINGTON,OK,40147,,
WASHITA,OK,40149,,
WOODS,OK,40151,,
WOODWARD,OK,40153,,
STATEWIDE,OK,40990,,
BAKER,OR,41001,,
BENTON,OR,41003,18700,"Corvallis, OR"
CLACKAMAS,OR,41005,38900,"Portland-Vancouver-Hillsboro, OR-WA"
CLATSOP,OR,41007,,
COLUMBIA,OR,41009,38900,"Portland-Vancouver-Hillsboro, OR-WA"
COOS,OR,41011,,
CROOK,OR,41013,,
CURRY,OR,41015,,
DESCHUTES,OR,41017,13460,"Bend, OR"
DOUGLAS,OR,41019,,
GILLIAM,OR,41021,,
GRANT,OR,41023,,
HARNEY,OR,41025,,
HOOD RIVER,OR,41027,,
JACKSON,OR,41029,32780,"Medford, OR"
JEFFERSON,OR,41031,,
JOSEPHINE,OR,41033,,
KLAMATH,OR,41035,,
LAKE,OR,41037,,
LANE,OR,41039,21660,"Eugene-Springfield, OR"
LINCOLN,OR,41041,,
LINN,OR,41043,,
MALHEUR,OR,41045,,
MARION,OR,41047,41420,"Salem, OR"
MORROW,OR,41049,,
MULTNOMAH,OR,41051,38900,"Portland-Vancouver-Hillsboro, OR-WA"
POLK,OR,41053,41420,"Salem, OR"
SHERMAN,OR,41055,,
TILLAMOOK,OR,41057,,
UMATILLA,OR,41059,,
UNION,OR,41061,,
WALLOWA,OR,41063,,
WASCO,OR,41065,,
WASHINGTON,OR,41067,38900,"Portland-Vancouver-Hillsboro, OR-WA"
WHEELER,OR,41069,,
YAMHILL,OR,41071,38900,"Portland-Vancouver-Hillsboro, OR-WA"
STATEWIDE,OR,41990,,
ADAMS,PA,42001,,
ALLEGHENY,PA,42003,38300,"Pittsburgh, PA"
ARMSTRONG,PA,42005,38300,"Pittsburgh, PA"
BEAVER,PA,42007,38300,"Pittsburgh, PA"
BEDFORD,PA,42009,,
BERKS,PA,42011,39740,"Reading, PA"
BLAIR,PA,42013,11020,"Altoona, PA"
BRADFORD,PA,42015,,
BUCKS,PA,42017,37964,"Philadelphia, PA"
BUTLER,PA,42019,38300,"Pittsburgh, PA"
CAMBRIA,PA,42021,27780,"Johnstown, PA"
CAMERON,PA,42023,,
CARBON,PA,42025,10900,"Allentown-Bethlehem-Easton, PA-NJ"
CENTRE,PA,42027,44300,"State College, PA"
CHESTER,PA,42029,37964,"Philadelphia, PA"
CLARION,PA,42031,,
CLEARFIELD,PA,42033,,
CLINTON,PA,42035,,
COLUMBIA,PA,42037,,
CRAWFORD,PA,42039,,
CUMBERLAND,PA,42041,25420,"Harrisburg-Carlisle, PA"
DAUPHIN,PA,42043,25420,"Harrisburg-Carlisle, PA"
DELAWARE,PA,42045,37964,"Philadelphia, PA"
ELK,PA,42047,,
ERIE,PA,42049,21500,"Erie, PA"
FAYETTE,PA,42051,38300,"Pittsburgh, PA"
FOREST,PA,42053,,
FRANKLIN,PA,42055,,
FULTON,PA,42057,,
GREENE,PA,42059,,
HUNTINGDON,PA,42061,,
INDIANA,PA,42063,,
JEFFERSON,PA,42065,,
JUNIATA,PA,42067,,
LACKAWANNA,PA,42069,42540,"Scranton--Wilkes-Barre, PA"
LANCASTER,PA,42071,29540,"Lancaster, PA"
LAWRENCE,PA,42073,,
LEBANON,PA,42075,30140,"Lebanon, PA"
LEHIGH,PA,42077,10900,"Allentown-Bethlehem-Easton, PA-NJ"
LUZERNE,PA,42079,42540,"Scranton--Wilkes-Barre, PA"
LYCOMING,PA,42081,48700,"Williamsport, PA"
MC KEAN,PA,42083,,
MERCER,PA,42085,49660,"Youngstown-Warren-Boardman, OH-PA"
MIFFLIN,PA,42087,,
MONROE,PA,42089,,
MONTGOMERY,PA,42091,37964,"Philadelphia, PA"
MONTOUR,PA,42093,,
NORTHAMPTON,PA,42095,10900,"Allentown-Bethlehem-Easton, PA-NJ"
NORTHUMBERLND,PA,42097,,
PERRY,PA,42099,25420,"Harrisburg-Carlisle, PA"
PHILADELPHIA,PA,42101,37964,"Philadelphia, PA"
PIKE,PA,42103,35084,"Newark-Union, NJ-PA"
POTTER,PA,42105,,
SCHUYLKILL,PA,42107,,
SNYDER,PA,42109,,
SOMERSET,PA,42111,,
SULLIVAN,PA,42113,,
SUSQUEHANNA,PA,42115,,
TIOGA,PA,42117,,
UNION,PA,42119,,
VENANGO,PA,42121,,
WARREN,PA,42123,,
WASHINGTON,PA,42125,38300,"Pittsburgh, PA"
WAYNE,PA,42127,,
WESTMORELAND,PA,42129,38300,"Pittsburgh, PA"
WYOMING,PA,42131,42540,"Scranton--Wilkes-Barre, PA"
YORK,PA,42133,49620,"York-Hanover, PA"
STATEWIDE,PA,42990,,
BRISTOL,RI,44001,39300,"Providence-New Bedford-Fall River, RI-M"
KENT,RI,44003,39300,"Providence-New Bedford-Fall River, RI-M"
NEWPORT,RI,44005,39300,"Providence-New Bedford-Fall River, RI-M"
PROVIDENCE,RI,44007,39300,"Providence-New Bedford-Fall River, RI-M"
WASHINGTON,RI,44009,39300,"Providence-New Bedford-Fall River, RI-M"
STATEWIDE,RI,44999,,
ABBEVILLE,SC,45001,,
AIKEN,SC,45003,12260,"Augusta-Richmond County, GA-SC"
ALLENDALE,SC,45005,,
ANDERSON,SC,45007,11340,"Anderson, SC"
BAMBERG,SC,45009,,
BARNWELL,SC,45011,,
BEAUFORT,SC,45013,,
BERKELEY,SC,45015,16700,"Charleston-North Charleston-Summerville, SC"
CALHOUN,SC,45017,17900,"Columbia, SC"
CHARLESTON,SC,45019,16700,"Charleston-North Charleston-Summerville, SC"
CHEROKEE,SC,45021,,
CHESTER,SC,45023,,
CHESTERFIELD,SC,45025,,
CLARENDON,SC,45027,,
COLLETON,SC,45029,,
DARLINGTON,SC,45031,22500,"Florence, SC"
DILLON,SC,45033,,
DORCHESTER,SC,45035,16700,"Charleston-North Charleston-Summerville, SC"
EDGEFIELD,SC,45037,12260,"Augusta-Richmond County, GA-SC"
FAIRFIELD,SC,45039,17900,"Columbia, SC"
FLORENCE,SC,45041,22500,"Florence, SC"
GEORGETOWN,SC,45043,,
GREENVILLE,SC,45045,24860,"Greenville-Mauldin-Easley, SC"
GREENWOOD,SC,45047,,
HAMPTON,SC,45049,,
HORRY,SC,45051,34820,Myrtle Beach-North Myrtle Beach-Conway
JASPER,SC,45053,,
KERSHAW,SC,45055,17900,"Columbia, SC"
LANCASTER,SC,45057,,
LAURENS,SC,45059,24860,"Greenville-Mauldin-Easley, SC"
LEE,SC,45061,,
LEXINGTON,SC,45063,17900,"Columbia, SC"
MCCORMICK,SC,45065,,
MARION,SC,45067,,
MARLBORO,SC,45069,,
NEWBERRY,SC,45071,,
OCONEE,SC,45073,,
ORANGEBURG,SC,45075,,
PICKENS,SC,45077,24860,"Greenville-Mauldin-Easley, SC"
RICHLAND,SC,45079,17900,"Columbia, SC"
SALUDA,SC,45081,17900,"Columbia, SC"
SPARTANBURG,SC,45083,43900,"Spartanburg, SC"
SUMTER,SC,45085,44940,"Sumter, SC"
UNION,SC,45087,,
WILLIAMSBURG,SC,45089,,
YORK,SC,45091,16740,"Charlotte-Gastonia-Concord, NC-SC"
STATEWIDE,SC,45990,,
AURORA,SD,46003,,
BEADLE,SD,46005,,
BENNETT,SD,46007,,
BON HOMME,SD,46009,,
BROOKINGS,SD,46011,,
BROWN,SD,46013,,
BRULE,SD,46015,,
BUFFALO,SD,46017,,
BUTTE,SD,46019,,
CAMPBELL,SD,46021,,
CHARLES MIX,SD,46023,,
CLARK,SD,46025,,
CLAY,SD,46027,,
CODINGTON,SD,46029,,
CORSON,SD,46031,,
CUSTER,SD,46033,,
DAVISON,SD,46035,,
DAY,SD,46037,,
DEUEL,SD,46039,,
DEWEY,SD,46041,,
DOUGLAS,SD,46043,,
EDMUNDS,SD,46045,,
FALL RIVER,SD,46047,,
FAULK,SD,46049,,
GRANT,SD,46051,,
GREGORY,SD,46053,,
HAAKON,SD,46055,,
HAMLIN,SD,46057,,
HAND,SD,46059,,
HANSON,SD,46061,,
HARDING,SD,46063,,
HUGHES,SD,46065,,
HUTCHINSON,SD,46067,,
HYDE,SD,46069,,
JACKSON,SD,46071,,
JERAULD,SD,46073,,
JONES,SD,46075,,
KINGSBURY,SD,46077,,
LAKE,SD,46079,,
LAWRENCE,SD,46081,,
LINCOLN,SD,46083,43620,"Sioux Falls, SD"
LYMAN,SD,46085,,
MC COOK,SD,46087,43620,"Sioux Falls, SD"
MC PHERSON,SD,46089,,
MARSHALL,SD,46091,,
MEADE,SD,46093,39660,"Rapid City, SD"
MELLETTE,SD,46095,,
MINER,SD,46097,,
MINNEHAHA,SD,46099,43620,"Sioux Falls, SD"
MOODY,SD,46101,,
PENNINGTON,SD,46103,39660,"Rapid City, SD"
PERKINS,SD,46105,,
POTTER,SD,46107,,
ROBERTS,SD,46109,,
SANBORN,SD,46111,,
SHANNON,SD,46113,,
SPINK,SD,46115,,
STANLEY,SD,46117,,
SULLY,SD,46119,,
TODD,SD,46121,,
TRIPP,SD,46123,,
TURNER,SD,46125,43620,"Sioux Falls, SD"
UNION,SD,46127,43580,"Sioux City, IA-NE-SD"
WALWORTH,SD,46129,,
YANKTON,SD,46135,,
ZIEBACH,SD,46137,,
STATEWIDE,SD,46990,,
ANDERSON,TN,47001,28940,"Knoxville, TN"
BEDFORD,TN,47003,,
BENTON,TN,47005,,
BLEDSOE,TN,47007,,
BLOUNT,TN,47009,28940,"Knoxville, TN"
BRADLEY,TN,47011,17420,"Cleveland, TN"
CAMPBELL,TN,47013,,
CANNON,TN,47015,34980,"Nashville-Davidson-Murfreesboro-Franklin, TN"
CARROLL,TN,47017,,
CARTER,TN,47019,27740,"Johnson City, TN"
CHEATHAM,TN,47021,34980,"Nashville-Davidson-Murfreesboro-Franklin, TN"
CHESTER,TN,47023,27180,"Jackson, TN"
CLAIBORNE,TN,47025,,
CLAY,TN,47027,,
COCKE,TN,47029,,
COFFEE,TN,47031,,
CROCKETT,TN,47033,,
CUMBERLAND,TN,47035,,
DAVIDSON,TN,47037,34980,"Nashville-Davidson-Murfreesboro-Franklin, TN"
DECATUR,TN,47039,,
DE KALB,TN,47041,,
DICKSON,TN,47043,34980,"Nashville-Davidson-Murfreesboro-Franklin, TN"
DYER,TN,47045,,
FAYETTE,TN,47047,32820,"Memphis, TN-MS-AR"
FENTRESS,TN,47049,,
FRANKLIN,TN,47051,,
GIBSON,TN,47053,,
GILES,TN,47055,,
GRAINGER,TN,47057,34100,"Morristown, TN"
GREENE,TN,47059,,
GRUNDY,TN,47061,,
HAMBLEN,TN,47063,34100,"Morristown, TN"
HAMILTON,TN,47065,16860,"Chattanooga, TN-GA"
HANCOCK,TN,47067,,
HARDEMAN,TN,47069,,
HARDIN,TN,47071,,
HAWKINS,TN,47073,28700,"Kingsport-Bristol-Bristol, TN-VA"
HAYWOOD,TN,47075,,
HENDERSON,TN,47077,,
HENRY,TN,47079,,
HICKMAN,TN,47081,34980,"Nashville-Davidson-Murfreesboro-Franklin, TN"
HOUSTON,TN,47083,,
HUMPHREYS,TN,47085,,
JACKSON,TN,47087,,
JEFFERSON,TN,47089,34100,"Morristown, TN"
JOHNSON,TN,47091,,
KNOX,TN,47093,28940,"Knoxville, TN"
LAKE,TN,47095,,
LAUDERDALE,TN,47097,,
LAWRENCE,TN,47099,,
LEWIS,TN,47101,,
LINCOLN,TN,47103,,
LOUDON,TN,47105,28940,"Knoxville, TN"
MC MINN,TN,47107,,
MC NAIRY,TN,47109,,
MACON,TN,47111,34980,"Nashville-Davidson-Murfreesboro-Franklin, TN"
MADISON,TN,47113,27180,"Jackson, TN"
MARION,TN,47115,16860,"Chattanooga, TN-GA"
MARSHALL,TN,47117,,
MAURY,TN,47119,,
MEIGS,TN,47121,,
MONROE,TN,47123,,
MONTGOMERY,TN,47125,17300,"Clarksville, TN-KY"
MOORE,TN,47127,,
MORGAN,TN,47129,,
OBION,TN,47131,,
OVERTON,TN,47133,,
PERRY,TN,47135,,
PICKETT,TN,47137,,
POLK,TN,47139,17420,"Cleveland, TN"
PUTNAM,TN,47141,,
RHEA,TN,47143,,
ROANE,TN,47145,,
ROBERTSON,TN,47147,34980,"Nashville-Davidson-Murfreesboro-Franklin, TN"
RUTHERFORD,TN,47149,34980,"Nashville-Davidson-Murfreesboro-Franklin, TN"
SCOTT,TN,47151,,
SEQUATCHIE,TN,47153,16860,"Chattanooga, TN-GA"
SEVIER,TN,47155,,
SHELBY,TN,47157,32820,"Memphis, TN-MS-AR"
SMITH,TN,47159,34980,"Nashville-Davidson-Murfreesboro-Franklin, TN"
STEWART,TN,47161,17300,"Clarksville, TN-KY"
SULLIVAN,TN,47163,28700,"Kingsport-Bristol-Bristol, TN-VA"
SUMNER,TN,47165,34980,"Nashville-Davidson-Murfreesboro-Franklin, TN"
TIPTON,TN,47167,32820,"Memphis, TN-MS-AR"
TROUSDALE,TN,47169,34980,"Nashville-Davidson-Murfreesboro-Franklin, TN"
UNICOI,TN,47171,27740,"Johnson City, TN"
UNION,TN,47173,28940,"Knoxville, TN"
VAN BUREN,TN,47175,,
WARREN,TN,47177,,
WASHINGTON,TN,47179,27740,"Johnson City, TN"
WAYNE,TN,47181,,
WEAKLEY,TN,47183,,
WHITE,TN,47185,,
WILLIAMSON,TN,47187,34980,"Nashville-Davidson-Murfreesboro-Franklin, TN"
WILSON,TN,47189,34980,"Nashville-Davidson-Murfreesboro-Franklin, TN"
STATEWIDE,TN,47990,,
ANDERSON,TX,48001,,
ANDREWS,TX,48003,,
ANGELINA,TX,48005,,
ARANSAS,TX,48007,18580,"Corpus Christi, TX"
ARCHER,TX,48009,48660,"Wichita Falls, TX"
ARMSTRONG,TX,48011,11100,"Amarillo, TX"
ATASCOSA,TX,48013,41700,"San Antonio-New Braunfels, TX"
AUSTIN,TX,48015,26420,"Houston-Sugar Land-Baytown, TX"
BAILEY,TX,48017,,
BANDERA,TX,48019,41700,"San Antonio-New Braunfels, TX"
BASTROP,TX,48021,12420,"Austin-Round Rock-San Marcos, TX"
BAYLOR,TX,48023,,
BEE,TX,48025,,
BELL,TX,48027,28660,"Killeen-Temple-Fort Hood, TX"
BEXAR,TX,48029,41700,"San Antonio-New Braunfels, TX"
BLANCO,TX,48031,,
BORDEN,TX,48033,,
BOSQUE,TX,48035,,
BOWIE,TX,48037,45500,"Texarkana, TX-Texarkana, AR"
BRAZORIA,TX,48039,26420,"Houston-Sugar Land-Baytown, TX"
BRAZOS,TX,48041,17780,"College Station-Bryan, TX"
BREWSTER,TX,48043,,
BRISCOE,TX,48045,,
BROOKS,TX,48047,,
BROWN,TX,48049,,
BURLESON,TX,48051,17780,"College Station-Bryan, TX"
BURNET,TX,48053,,
CALDWELL,TX,48055,12420,"Austin-Round Rock-San Marcos, TX"
CALHOUN,TX,48057,47020,"Victoria, TX"
CALLAHAN,TX,48059,10180,"Abilene, TX"
CAMERON,TX,48061,15180,"Brownsville-Harlingen, TX"
CAMP,TX,48063,,
CARSON,TX,48065,11100,"Amarillo, TX"
CASS,TX,48067,,
CASTRO,TX,48069,,
CHAMBERS,TX,48071,26420,"Houston-Sugar Land-Baytown, TX"
CHEROKEE,TX,48073,,
CHILDRESS,TX,48075,,
CLAY,TX,48077,48660,"Wichita Falls, TX"
COCHRAN,TX,48079,,
COKE,TX,48081,,
COLEMAN,TX,48083,,
COLLIN,TX,48085,19124,"Dallas-Plano-Irving, TX"
COLLINGSWORTH,TX,48087,,
COLORADO,TX,48089,,
COMAL,TX,48091,41700,"San Antonio-New Braunfels, TX"
COMANCHE,TX,48093,,
CONCHO,TX,48095,,
COOKE,TX,48097,,
CORYELL,TX,48099,28660,"Killeen-Temple-Fort Hood, TX"
COTTLE,TX,48101,,
CRANE,TX,48103,,
CROCKETT,TX,48105,,
CROSBY,TX,48107,31180,"Lubbock, TX"
CULBERSON,TX,48109,,
DALLAM,TX,48111,,
DALLAS,TX,48113,19124,"Dallas-Plano-Irving, TX"
DAWSON,TX,48115,,
DEAF SMITH,TX,48117,,
DELTA,TX,48119,19124,"Dallas-Plano-Irving, TX"
DENTON,TX,48121,19124,"Dallas-Plano-Irving, TX"
DE WITT,TX,48123,,
DICKENS,TX,48125,,
DIMMIT,TX,48127,,
DONLEY,TX,48129,,
DUVAL,TX,48131,,
EASTLAND,TX,48133,,
ECTOR,TX,48135,36220,"Odessa, TX"
EDWARDS,TX,48137,,
ELLIS,TX,48139,19124,"Dallas-Plano-Irving, TX"
EL PASO,TX,48141,21340,"El Paso, TX"
ERATH,TX,48143,,
FALLS,TX,48145,,
FANNIN,TX,48147,,
FAYETTE,TX,48149,,
FISHER,TX,48151,,
FLOYD,TX,48153,,
FOARD,TX,48155,,
FORT BEND,TX,48157,26420,"Houston-Sugar Land-Baytown, TX"
FRANKLIN,TX,48159,,
FREESTONE,TX,48161,,
FRIO,TX,48163,,
GAINES,TX,48165,,
GALVESTON,TX,48167,26420,"Houston-Sugar Land-Baytown, TX"
GARZA,TX,48169,,
GILLESPIE,TX,48171,,
GLASSCOCK,TX,48173,,
GOLIAD,TX,48175,47020,"Victoria, TX"
GONZALES,TX,48177,,
GRAY,TX,48179,,
GRAYSON,TX,48181,43300,"Sherman-Denison, TX"
GREGG,TX,48183,30980,"Longview, TX"
GRIMES,TX,48185,,
GUADALUPE,TX,48187,41700,"San Antonio-New Braunfels, TX"
HALE,TX,48189,,
HALL,TX,48191,,
HAMILTON,TX,48193,,
HANSFORD,TX,48195,,
HARDEMAN,TX,48197,,
HARDIN,TX,48199,13140,"Beaumont-Port Arthur, TX"
HARRIS,TX,48201,26420,"Houston-Sugar Land-Baytown, TX"
HARRISON,TX,48203,,
HARTLEY,TX,48205,,
HASKELL,TX,48207,,
HAYS,TX,48209,12420,"Austin-Round Rock-San Marcos, TX"
HEMPHILL,TX,48211,,
HENDERSON,TX,48213,,
HIDALGO,TX,48215,32580,"McAllen-Edinburg-Mission, TX"
HILL,TX,48217,,
HOCKLEY,TX,48219,,
HOOD,TX,48221,,
HOPKINS,TX,48223,,
HOUSTON,TX,48225,,
HOWARD,TX,48227,,
HUDSPETH,TX,48229,,
HUNT,TX,48231,19124,"Dallas-Plano-Irving, TX"
HUTCHINSON,TX,48233,,
IRION,TX,48235,41660,"San Angelo, TX"
JACK,TX,48237,,
JACKSON,TX,48239,,
JASPER,TX,48241,,
JEFF DAVIS,TX,48243,,
JEFFERSON,TX,48245,13140,"Beaumont-Port Arthur, TX"
JIM HOGG,TX,48247,,
JIM WELLS,TX,48249,,
JOHNSON,TX,48251,23104,"Fort Worth-Arlington, TX"
JONES,TX,48253,10180,"Abilene, TX"
KARNES,TX,48255,,
KAUFMAN,TX,48257,19124,"Dallas-Plano-Irving, TX"
KENDALL,TX,48259,41700,"San Antonio-New Braunfels, TX"
KENEDY,TX,48261,,
KENT,TX,48263,,
KERR,TX,48265,,
KIMBLE,TX,48267,,
KING,TX,48269,,
KINNEY,TX,48271,,
KLEBERG,TX,48273,,
KNOX,TX,48275,,
LAMAR,TX,48277,,
LAMB,TX,48279,,
LAMPASAS,TX,48281,28660,"Killeen-Temple-Fort Hood, TX"
LA SALLE,TX,48283,,
LAVACA,TX,48285,,
LEE,TX,48287,,
LEON,TX,48289,,
LIBERTY,TX,48291,26420,"Houston-Sugar Land-Baytown, TX"
LIMESTONE,TX,48293,,
LIPSCOMB,TX,48295,,
LIVE OAK,TX,48297,,
LLANO,TX,48299,,
LOVING,TX,48301,,
LUBBOCK,TX,48303,31180,"Lubbock, TX"
LYNN,TX,48305,,
MC CULLOCH,TX,48307,,
MC LENNAN,TX,48309,47380,"Waco, TX"
MC MULLEN,TX,48311,,
MADISON,TX,48313,,
MARION,TX,48315,,
MARTIN,TX,48317,,
MASON,TX,48319,,
MATAGORDA,TX,48321,,
MAVERICK,TX,48323,,
MEDINA,TX,48325,41700,"San Antonio-New Braunfels, TX"
MENARD,TX,48327,,
MIDLAND,TX,48329,33260,"Midland, TX"
MILAM,TX,48331,,
MILLS,TX,48333,,
MITCHELL,TX,48335,,
MONTAGUE,TX,48337,,
MONTGOMERY,TX,48339,26420,"Houston-Sugar Land-Baytown, TX"
MOORE,TX,48341,,
MORRIS,TX,48343,,
MOTLEY,TX,48345,,
NACOGDOCHES,TX,48347,,
NAVARRO,TX,48349,,
NEWTON,TX,48351,,
NOLAN,TX,48353,,
NUECES,TX,48355,18580,"Corpus Christi, TX"
OCHILTREE,TX,48357,,
OLDHAM,TX,48359,,
ORANGE,TX,48361,13140,"Beaumont-Port Arthur, TX"
PALO PINTO,TX,48363,,
PANOLA,TX,48365,,
PARKER,TX,48367,23104,"Fort Worth-Arlington, TX"
PARMER,TX,48369,,
PECOS,TX,48371,,
POLK,TX,48373,,
POTTER,TX,48375,11100,"Amarillo, TX"
PRESIDIO,TX,48377,,
RAINS,TX,48379,,
RANDALL,TX,48381,11100,"Amarillo, TX"
REAGAN,TX,48383,,
REAL,TX,48385,,
RED RIVER,TX,48387,,
REEVES,TX,48389,,
REFUGIO,TX,48391,,
ROBERTS,TX,48393,,
ROBERTSON,TX,48395,17780,"College Station-Bryan, TX"
ROCKWALL,TX,48397,19124,"Dallas-Plano-Irving, TX"
RUNNELS,TX,48399,,
RUSK,TX,48401,30980,"Longview, TX"
SABINE,TX,48403,,
SAN AUGUSTINE,TX,48405,,
SAN JACINTO,TX,48407,26420,"Houston-Sugar Land-Baytown, TX"
SAN PATRICIO,TX,48409,18580,"Corpus Christi, TX"
SAN SABA,TX,48411,,
SCHLEICHER,TX,48413,,
SCURRY,TX,48415,,
SHACKELFORD,TX,48417,,
SHELBY,TX,48419,,
SHERMAN,TX,48421,,
SMITH,TX,48423,46340,"Tyler, TX"
SOMERVELL,TX,48425,,
STARR,TX,48427,,
STEPHENS,TX,48429,,
STERLING,TX,48431,,
STONEWALL,TX,48433,,
SUTTON,TX,48435,,
SWISHER,TX,48437,,
TARRANT,TX,48439,23104,"Fort Worth-Arlington, TX"
TAYLOR,TX,48441,10180,"Abilene, TX"
TERRELL,TX,48443,,
TERRY,TX,48445,,
THROCKMORTON,TX,48447,,
TITUS,TX,48449,,
TOM GREEN,TX,48451,41660,"San Angelo, TX"
TRAVIS,TX,48453,12420,"Austin-Round Rock-San Marcos, TX"
TRINITY,TX,48455,,
TYLER,TX,48457,,
UPSHUR,TX,48459,30980,"Longview, TX"
UPTON,TX,48461,,
UVALDE,TX,48463,,
VAL VERDE,TX,48465,,
VAN ZANDT,TX,48467,,
VICTORIA,TX,48469,47020,"Victoria, TX"
WALKER,TX,48471,,
WALLER,TX,48473,26420,"Houston-Sugar Land-Baytown, TX"
WARD,TX,48475,,
WASHINGTON,TX,48477,,
WEBB,TX,48479,29700,"Laredo, TX"
WHARTON,TX,48481,,
WHEELER,TX,48483,,
WICHITA,TX,48485,48660,"Wichita Falls, TX"
WILBARGER,TX,48487,,
WILLACY,TX,48489,,
WILLIAMSON,TX,48491,12420,"Austin-Round Rock-San Marcos, TX"
WILSON,TX,48493,41700,"San Antonio-New Braunfels, TX"
WINKLER,TX,48495,,
WISE,TX,48497,23104,"Fort Worth-Arlington, TX"
WOOD,TX,48499,,
YOAKUM,TX,48501,,
YOUNG,TX,48503,,
ZAPATA,TX,48505,,
ZAVALA,TX,48507,,
STATEWIDE,TX,48990,,
BEAVER,UT,49001,,
BOX ELDER,UT,49003,,
CACHE,UT,49005,30860,"Logan, UT-ID"
CARBON,UT,49007,,
DAGGETT,UT,49009,,
DAVIS,UT,49011,36260,"Ogden-Clearfield, UT"
DUCHESNE,UT,49013,,
EMERY,UT,49015,,
GARFIELD,UT,49017,,
GRAND,UT,49019,,
IRON,UT,49021,,
JUAB,UT,49023,39340,"Provo-Orem, UT"
KANE,UT,49025,,
MILLARD,UT,49027,,
MORGAN,UT,49029,36260,"Ogden-Clearfield, UT"
PIUTE,UT,49031,,
RICH,UT,49033,,
SALT LAKE,UT,49035,41620,"Salt Lake City, UT"
SAN JUAN,UT,49037,,
SANPETE,UT,49039,,
SEVIER,UT,49041,,
SUMMIT,UT,49043,41620,"Salt Lake City, UT"
TOOELE,UT,49045,41620,"Salt Lake City, UT"
UINTAH,UT,49047,,
UTAH,UT,49049,39340,"Provo-Orem, UT"
WASATCH,UT,49051,,
WASHINGTON,UT,49053,41100,"St. George, UT"
WAYNE,UT,49055,,
WEBER,UT,49057,36260,"Ogden-Clearfield, UT"
STATEWIDE,UT,49990,,
ADDISON,VT,50001,,
BENNINGTON,VT,50003,,
CALEDONIA,VT,50005,,
CHITTENDEN,VT,50007,15540,"Burlington-South Burlington, VT"
ESSEX,VT,50009,,
FRANKLIN,VT,50011,15540,"Burlington-South Burlington, VT"
GRAND ISLE,VT,50013,15540,"Burlington-South Burlington, VT"
LAMOILLE,VT,50015,,
ORANGE,VT,50017,,
ORLEANS,VT,50019,,
RUTLAND,VT,50021,,
WASHINGTON,VT,50023,,
WINDHAM,VT,50025,,
WINDSOR,VT,50027,,
STATEWIDE,VT,50990,,
ACCOMACK,VA,51001,,
ALBEMARLE,VA,51003,16820,"Charlottesville, VA"
ALLEGHANY,VA,51005,,
AMELIA,VA,51007,40060,"Richmond, VA"
AMHERST,VA,51009,31340,"Lynchburg, VA"
APPOMATTOX,VA,51011,31340,"Lynchburg, VA"
ARLINGTON,VA,51013,47894,Washington-Arlington-Alexandria DC-VA
AUGUSTA,VA,51015,,
BATH,VA,51017,,
BEDFORD,VA,51019,31340,"Lynchburg, VA"
BLAND,VA,51021,,
BOTETOURT,VA,51023,40220,"Roanoke, VA"
BRUNSWICK,VA,51025,,
BUCHANAN,VA,51027,,
BUCKINGHAM,VA,51029,,
CAMPBELL,VA,51031,31340,"Lynchburg, VA"
CAROLINE,VA,51033,40060,"Richmond, VA"
CARROLL,VA,51035,,
CHARLES CITY,VA,51036,40060,"Richmond, VA"
CHARLOTTE,VA,51037,,
CHESTERFIELD,VA,51041,40060,"Richmond, VA"
CLARKE,VA,51043,47894,Washington-Arlington-Alexandria DC-VA
CRAIG,VA,51045,40220,"Roanoke, VA"
CULPEPER,VA,51047,,
CUMBERLAND,VA,51049,40060,"Richmond, VA"
DICKENSON,VA,51051,,
DINWIDDIE,VA,51053,40060,"Richmond, VA"
ESSEX,VA,51057,,
FAIRFAX,VA,51059,47894,Washington-Arlington-Alexandria DC-VA
FAUQUIER,VA,51061,47894,Washington-Arlington-Alexandria DC-VA
FLOYD,VA,51063,,
FLUVANNA,VA,51065,16820,"Charlottesville, VA"
FRANKLIN,VA,51067,40220,"Roanoke, VA"
FREDERICK,VA,51069,49020,"Winchester, VA-WV"
GILES,VA,51071,13980,"Blacksburg-Christiansburg-Radford, VA"
GLOUCESTER,VA,51073,47260,"Virginia Beach-Norfolk-Newport News, VA"
GOOCHLAND,VA,51075,40060,"Richmond, VA"
GRAYSON,VA,51077,,
GREENE,VA,51079,16820,"Charlottesville, VA"
GREENSVILLE,VA,51081,,
HALIFAX,VA,51083,,
HANOVER,VA,51085,40060,"Richmond, VA"
HENRICO,VA,51087,40060,"Richmond, VA"
HENRY,VA,51089,,
HIGHLAND,VA,51091,,
ISLE OF WIGHT,VA,51093,47260,"Virginia Beach-Norfolk-Newport News, VA"
JAMES CITY,VA,51095,47260,"Virginia Beach-Norfolk-Newport News, VA"
KING AND QUEEN,VA,51097,40060,"Richmond, VA"
KING GEORGE,VA,51099,,
KING WILLIAM,VA,51101,40060,"Richmond, VA"
LANCASTER,VA,51103,,
LEE,VA,51105,,
LOUDOUN,VA,51107,47894,Washington-Arlington-Alexandria DC-VA
LOUISA,VA,51109,40060,"Richmond, VA"
LUNENBURG,VA,51111,,
MADISON,VA,51113,,
MATHEWS,VA,51115,47260,"Virginia Beach-Norfolk-Newport News, VA"
MECKLENBURG,VA,51117,,
MIDDLESEX,VA,51119,,
MONTGOMERY,VA,51121,13980,"Blacksburg-Christiansburg-Radford, VA"
NELSON,VA,51125,16820,"Charlottesville, VA"
NEW KENT,VA,51127,40060,"Richmond, VA"
NORTHAMPTON,VA,51131,,
NORTHUMBERLND,VA,51133,,
NOTTOWAY,VA,51135,,
ORANGE,VA,51137,,
PAGE,VA,51139,,
PATRICK,VA,51141,,
PITTSYLVANIA,VA,51143,19260,"Danville, VA"
POWHATAN,VA,51145,40060,"Richmond, VA"
PRINCE EDWARD,VA,51147,,
PRINCE GEORGE,VA,51149,40060,"Richmond, VA"
PRINCE WILLIAM,VA,51153,47894,Washington-Arlington-Alexandria DC-VA
PULASKI,VA,51155,13980,"Blacksburg-Christiansburg-Radford, VA"
RAPPAHANNOCK,VA,51157,,
RICHMOND,VA,51159,,
ROANOKE,VA,51161,40220,"Roanoke, VA"
ROCKBRIDGE,VA,51163,,
ROCKINGHAM,VA,51165,25500,"Harrisonburg, VA"
RUSSELL,VA,51167,,
SCOTT,VA,51169,28700,"Kingsport-Bristol-Bristol, TN-VA"
SHENANDOAH,VA,51171,,
SMYTH,VA,51173,,
SOUTHAMPTON,VA,51175,,
SPOTSYLVANIA,VA,51177,47894,Washington-Arlington-Alexandria DC-VA
STAFFORD,VA,51179,47894,Washington-Arlington-Alexandria DC-VA
SURRY,VA,51181,47260,"Virginia Beach-Norfolk-Newport News, VA"
SUSSEX,VA,51183,40060,"Richmond, VA"
TAZEWELL,VA,51185,,
WARREN,VA,51187,47894,Washington-Arlington-Alexandria DC-VA
WASHINGTON,VA,51191,28700,"Kingsport-Bristol-Bristol, TN-VA"
WESTMORELAND,VA,51193,,
WISE,VA,51195,,
WYTHE,VA,51197,,
YORK,VA,51199,47260,"Virginia Beach-Norfolk-Newport News, VA"
ALEXANDRIA CITY,VA,51510,47894,Washington-Arlington-Alexandria DC-VA
BEDFORD CITY,VA,51515,31340,"Lynchburg, VA"
BRISTOL CITY,VA,51520,28700,"Kingsport-Bristol-Bristol, TN-VA"
BUENA VISTA CITY,VA,51530,,
CHARLOTTESVILLE CITY,VA,51540,16820,"Charlottesville, VA"
CHESAPEAKE CITY,VA,51550,47260,"Virginia Beach-Norfolk-Newport News, VA"
COLONIAL HEIGHTS CITY,VA,51570,40060,"Richmond, VA"
COVINGTON CITY,VA,51580,,
DANVILLE CITY,VA,51590,19260,"Danville, VA"
EMPORIA CITY,VA,51595,,
FAIRFAX CITY,VA,51600,47894,Washington-Arlington-Alexandria DC-VA
FALLS CHURCH CITY,VA,51610,47894,Washington-Arlington-Alexandria DC-VA
FRANKLIN CITY,VA,51620,,
FREDERICKSBURG CITY,VA,51630,47894,Washington-Arlington-Alexandria DC-VA
GALAX CITY,VA,51640,,
HAMPTON CITY,VA,51650,47260,"Virginia Beach-Norfolk-Newport News, VA"
HARRISONBURG CITY,VA,51660,25500,"Harrisonburg, VA"
HOPEWELL CITY,VA,51670,40060,"Richmond, VA"
LEXINGTON CITY,VA,51678,,
LYNCHBURG CITY,VA,51680,31340,"Lynchburg, VA"
MANASSAS CITY,VA,51683,47894,Washington-Arlington-Alexandria DC-VA
MANASSAS PARK CITY,VA,51685,47894,Washington-Arlington-Alexandria DC-VA
MARTINSVILLE CITY,VA,51690,,
NEWPORT NEWS CITY,VA,51700,47260,"Virginia Beach-Norfolk-Newport News, VA"
NORFOLK CITY,VA,51710,47260,"Virginia Beach-Norfolk-Newport News, VA"
NORTON CITY,VA,51720,,
PETERSBURG CITY,VA,51730,40060,"Richmond, VA"
POQUOSON,VA,51735,47260,"Virginia Beach-Norfolk-Newport News, VA"
PORTSMOUTH CITY,VA,51740,47260,"Virginia Beach-Norfolk-Newport News, VA"
RADFORD CITY,VA,51750,13980,"Blacksburg-Christiansburg-Radford, VA"
RICHMOND CITY,VA,51760,40060,"Richmond, VA"
ROANOKE CITY,VA,51770,40220,"Roanoke, VA"
SALEM CITY,VA,51775,40220,"Roanoke, VA"
STAUNTON CITY,VA,51790,,
SUFFOLK CITY,VA,51800,47260,"Virginia Beach-Norfolk-Newport News, VA"
VIRGINIA BEACH CITY,VA,51810,47260,"Virginia Beach-Norfolk-Newport News, VA"
WAYNESBORO CITY,VA,51820,,
WILLIAMSBURG CITY,VA,51830,47260,"Virginia Beach-Norfolk-Newport News, VA"
WINCHESTER CITY,VA,51840,49020,"Winchester, VA-WV"
STATEWIDE,VA,51990,,
ADAMS,WA,53001,,
ASOTIN,WA,53003,30300,"Lewiston, ID-WA"
BENTON,WA,53005,28420,"Kennewick-Pasco-Richland, WA"
CHELAN,WA,53007,48300,"Wenatchee-East Wenatchee, WA"
CLALLAM,WA,53009,,
CLARK,WA,53011,38900,"Portland-Vancouver-Hillsboro, OR-WA"
COLUMBIA,WA,53013,,
COWLITZ,WA,53015,31020,"Longview, WA"
DOUGLAS,WA,53017,48300,"Wenatchee-East Wenatchee, WA"
FERRY,WA,53019,,
FRANKLIN,WA,53021,28420,"Kennewick-Pasco-Richland, WA"
GARFIELD,WA,53023,,
GRANT,WA,53025,,
GRAYS HARBOR,WA,53027,,
ISLAND,WA,53029,,
JEFFERSON,WA,53031,,
KING,WA,53033,42644,"Seattle-Bellevue-Everett, WA"
KITSAP,WA,53035,14740,"Bremerton-Silverdale, WA"
KITTITAS,WA,53037,,
KLICKITAT,WA,53039,,
LEWIS,WA,53041,,
LINCOLN,WA,53043,,
MASON,WA,53045,,
OKANOGAN,WA,53047,,
PACIFIC,WA,53049,,
PEND OREILLE,WA,53051,,
PIERCE,WA,53053,45104,"Tacoma, WA"
SAN JUAN,WA,53055,,
SKAGIT,WA,53057,34580,"Mount Vernon-Anacortes, WA"
SKAMANIA,WA,53059,38900,"Portland-Vancouver-Hillsboro, OR-WA"
SNOHOMISH,WA,53061,42644,"Seattle-Bellevue-Everett, WA"
SPOKANE,WA,53063,44060,"Spokane, WA"
STEVENS,WA,53065,,
THURSTON,WA,53067,36500,"Olympia, WA"
WAHKIAKUM,WA,53069,,
WALLA WALLA,WA,53071,,
WHATCOM,WA,53073,13380,"Bellingham, WA"
WHITMAN,WA,53075,,
YAKIMA,WA,53077,49420,"Yakima, WA"
STATEWIDE,WA,53990,,
BARBOUR,WV,54001,,
BERKELEY,WV,54003,25180,"Hagerstown-Martinsburg, MD-WV"
BOONE,WV,54005,16620,"Charleston, WV"
BRAXTON,WV,54007,,
BROOKE,WV,54009,44600,"Steubenville-Weirton, WV-OH"
CABELL,WV,54011,26580,"Huntington-Ashland, WV-KY-OH"
CALHOUN,WV,54013,,
CLAY,WV,54015,16620,"Charleston, WV"
DODDRIDGE,WV,54017,,
FAYETTE,WV,54019,,
GILMER,WV,54021,,
GRANT,WV,54023,,
GREENBRIER,WV,54025,,
HAMPSHIRE,WV,54027,49020,"Winchester, VA-WV"
HANCOCK,WV,54029,44600,"Steubenville-Weirton, WV-OH"
HARDY,WV,54031,,
HARRISON,WV,54033,,
JACKSON,WV,54035,,
JEFFERSON,WV,54037,47894,Washington-Arlington-Alexandria DC-VA
KANAWHA,WV,54039,16620,"Charleston, WV"
LEWIS,WV,54041,,
LINCOLN,WV,54043,16620,"Charleston, WV"
LOGAN,WV,54045,,
MC DOWELL,WV,54047,,
MARION,WV,54049,,
MARSHALL,WV,54051,48540,"Wheeling, WV-OH"
MASON,WV,54053,,
MERCER,WV,54055,,
MINERAL,WV,54057,19060,"Cumberland, MD-WV"
MINGO,WV,54059,,
MONONGALIA,WV,54061,34060,"Morgantown, WV"
MONROE,WV,54063,,
MORGAN,WV,54065,25180,"Hagerstown-Martinsburg, MD-WV"
NICHOLAS,WV,54067,,
OHIO,WV,54069,48540,"Wheeling, WV-OH"
PENDLETON,WV,54071,,
PLEASANTS,WV,54073,37620,"Parkersburg-Marietta-Vienna, WV-OH"
POCAHONTAS,WV,54075,,
PRESTON,WV,54077,34060,"Morgantown, WV"
PUTNAM,WV,54079,16620,"Charleston, WV"
RALEIGH,WV,54081,,
RANDOLPH,WV,54083,,
RITCHIE,WV,54085,,
ROANE,WV,54087,,
SUMMERS,WV,54089,,
TAYLOR,WV,54091,,
TUCKER,WV,54093,,
TYLER,WV,54095,,
UPSHUR,WV,54097,,
WAYNE,WV,54099,26580,"Huntington-Ashland, WV-KY-OH"
WEBSTER,WV,54101,,
WETZEL,WV,54103,,
WIRT,WV,54105,37620,"Parkersburg-Marietta-Vienna, WV-OH"
WOOD,WV,54107,37620,"Parkersburg-Marietta-Vienna, WV-OH"
WYOMING,WV,54109,,
STATEWIDE,WV,54990,,
ADAMS,WI,55001,,
ASHLAND,WI,55003,,
BARRON,WI,55005,,
BAYFIELD,WI,55007,,
BROWN,WI,55009,24580,"Green Bay, WI"
BUFFALO,WI,55011,,
BURNETT,WI,55013,,
CALUMET,WI,55015,11540,"Appleton, WI"
CHIPPEWA,WI,55017,20740,"Eau Claire, WI"
CLARK,WI,55019,,
COLUMBIA,WI,55021,31540,"Madison, WI"
CRAWFORD,WI,55023,,
DANE,WI,55025,31540,"Madison, WI"
DODGE,WI,55027,,
DOOR,WI,55029,,
DOUGLAS,WI,55031,20260,"Duluth, MN-WI"
DUNN,WI,55033,,
EAU CLAIRE,WI,55035,20740,"Eau Claire, WI"
FLORENCE,WI,55037,,
FOND DU LAC,WI,55039,22540,"Fond du Lac, WI"
FOREST,WI,55041,,
GRANT,WI,55043,,
GREEN,WI,55045,,
GREEN LAKE,WI,55047,,
IOWA,WI,55049,31540,"Madison, WI"
IRON,WI,55051,,
JACKSON,WI,55053,,
JEFFERSON,WI,55055,,
JUNEAU,WI,55057,,
KENOSHA,WI,55059,29404,"Lake County-Kenosha County, IL-WI"
KEWAUNEE,WI,55061,24580,"Green Bay, WI"
LA CROSSE,WI,55063,29100,"La Crosse, WI-MN"
LAFAYETTE,WI,55065,,
LANGLADE,WI,55067,,
LINCOLN,WI,55069,,
MANITOWOC,WI,55071,,
MARATHON,WI,55073,48140,"Wausau, WI"
MARINETTE,WI,55075,,
MARQUETTE,WI,55077,,
MENOMONEE,WI,55078,,
MILWAUKEE,WI,55079,33340,"Milwaukee-Waukesha-West Allis, WI"
MONROE,WI,55081,,
OCONTO,WI,55083,24580,"Green Bay, WI"
ONEIDA,WI,55085,,
OUTAGAMIE,WI,55087,11540,"Appleton, WI"
OZAUKEE,WI,55089,33340,"Milwaukee-Waukesha-West Allis, WI"
PEPIN,WI,55091,,
PIERCE,WI,55093,33460,"Minneapolis-St. Paul-Bloomington, MN-WI"
POLK,WI,55095,,
PORTAGE,WI,55097,,
PRICE,WI,55099,,
RACINE,WI,55101,39540,"Racine, WI"
RICHLAND,WI,55103,,
ROCK,WI,55105,27500,"Janesville, WI"
RUSK,WI,55107,,
ST. CROIX,WI,55109,33460,"Minneapolis-St. Paul-Bloomington, MN-WI"
SAUK,WI,55111,,
SAWYER,WI,55113,,
SHAWANO,WI,55115,,
SHEBOYGAN,WI,55117,43100,"Sheboygan, WI"
TAYLOR,WI,55119,,
TREMPEALEAU,WI,55121,,
VERNON,WI,55123,,
VILAS,WI,55125,,
WALWORTH,WI,55127,,
WASHBURN,WI,55129,,
WASHINGTON,WI,55131,33340,"Milwaukee-Waukesha-West Allis, WI"
WAUKESHA,WI,55133,33340,"Milwaukee-Waukesha-West Allis, WI"
WAUPACA,WI,55135,,
WAUSHARA,WI,55137,,
WINNEBAGO,WI,55139,36780,"Oshkosh-Neenah, WI"
WOOD,WI,55141,,
STATEWIDE,WI,55990,,
ALBANY,WY,56001,,
BIG HORN,WY,56003,,
CAMPBELL,WY,56005,,
CARBON,WY,56007,,
CONVERSE,WY,56009,,
CROOK,WY,56011,,
FREMONT,WY,56013,,
GOSHEN,WY,56015,,
HOT SPRINGS,WY,56017,,
JOHNSON,WY,56019,,
LARAMIE,WY,56021,16940,"Cheyenne, WY"
LINCOLN,WY,56023,,
NATRONA,WY,56025,16220,"Casper, WY"
NIOBRARA,WY,56027,,
PARK,WY,56029,,
PLATTE,WY,56031,,
SHERIDAN,WY,56033,,
SUBLETTE,WY,56035,,
SWEETWATER,WY,56037,,
TETON,WY,56039,,
UINTA,WY,56041,,
WASHAKIE,WY,56043,,
WESTON,WY,56045,,
STATEWIDE,WY,56990,,
ADJUNTAS,PR,72001,,
AGUADA,PR,72003,10380,"Aguadilla-Isabela-San Sebastin, PR"
AGUADILLA,PR,72005,10380,"Aguadilla-Isabela-San Sebastin, PR"
AGUAS BUENAS,PR,72007,41980,"San Juan-Caguas-Guaynabo, PR"
AIBONITO,PR,72009,41980,"San Juan-Caguas-Guaynabo, PR"
ANASCO,PR,72011,10380,"Aguadilla-Isabela-San Sebastin, PR"
ARECIBO,PR,72013,41980,"San Juan-Caguas-Guaynabo, PR"
ARROYO,PR,72015,25020,"Guayama, PR"
BARCELONETA,PR,72017,41980,"San Juan-Caguas-Guaynabo, PR"
BARRANQUITAS,PR,72019,41980,"San Juan-Caguas-Guaynabo, PR"
BAYAMON,PR,72021,41980,"San Juan-Caguas-Guaynabo, PR"
CABO ROJO,PR,72023,41900,"San Germn-Cabo Rojo, PR"
CAGUAS,PR,72025,41980,"San Juan-Caguas-Guaynabo, PR"
CAMUY,PR,72027,41980,"San Juan-Caguas-Guaynabo, PR"
CANOVANAS,PR,72029,41980,"San Juan-Caguas-Guaynabo, PR"
CAROLINA,PR,72031,41980,"San Juan-Caguas-Guaynabo, PR"
CATANO,PR,72033,41980,"San Juan-Caguas-Guaynabo, PR"
CAYEY,PR,72035,41980,"San Juan-Caguas-Guaynabo, PR"
CEIBA,PR,72037,21940,"Fajardo, PR"
CIALES,PR,72039,41980,"San Juan-Caguas-Guaynabo, PR"
CIDRA,PR,72041,41980,"San Juan-Caguas-Guaynabo, PR"
COAMO,PR,72043,,
COMERIO,PR,72045,41980,"San Juan-Caguas-Guaynabo, PR"
COROZAL,PR,72047,41980,"San Juan-Caguas-Guaynabo, PR"
CULEBRA,PR,72049,,
DORADO,PR,72051,41980,"San Juan-Caguas-Guaynabo, PR"
FAJARDO,PR,72053,21940,"Fajardo, PR"
FLORIDA,PR,72054,41980,"San Juan-Caguas-Guaynabo, PR"
GUANICA,PR,72055,49500,"Yauco, PR"
GUAYAMA,PR,72057,25020,"Guayama, PR"
GUAYANILLA,PR,72059,49500,"Yauco, PR"
GUAYNABO,PR,72061,41980,"San Juan-Caguas-Guaynabo, PR"
GURABO,PR,72063,41980,"San Juan-Caguas-Guaynabo, PR"
HATILLO,PR,72065,41980,"San Juan-Caguas-Guaynabo, PR"
HORMIGUEROS,PR,72067,32420,"Mayag?ez, PR"
HUMACAO,PR,72069,41980,"San Juan-Caguas-Guaynabo, PR"
ISABELA,PR,72071,10380,"Aguadilla-Isabela-San Sebastin, PR"
JAYUYA,PR,72073,,
JUANA DIAZ,PR,72075,38660,"Ponce, PR"
JUNCOS,PR,72077,41980,"San Juan-Caguas-Guaynabo, PR"
LAJAS,PR,72079,41900,"San Germn-Cabo Rojo, PR"
LARES,PR,72081,10380,"Aguadilla-Isabela-San Sebastin, PR"
LAS MARIAS,PR,72083,,
LAS PIEDRAS,PR,72085,41980,"San Juan-Caguas-Guaynabo, PR"
LOIZA,PR,72087,41980,"San Juan-Caguas-Guaynabo, PR"
LUQUILLO,PR,72089,21940,"Fajardo, PR"
MANATI,PR,72091,41980,"San Juan-Caguas-Guaynabo, PR"
MARICAO,PR,72093,,
MAUNABO,PR,72095,41980,"San Juan-Caguas-Guaynabo, PR"
MAYAGUEZ,PR,72097,32420,"Mayag?ez, PR"
MOCA,PR,72099,10380,"Aguadilla-Isabela-San Sebastin, PR"
MOROVIS,PR,72101,41980,"San Juan-Caguas-Guaynabo, PR"
MAGUABO,PR,72103,41980,"San Juan-Caguas-Guaynabo, PR"
NARANJITO,PR,72105,41980,"San Juan-Caguas-Guaynabo, PR"
OROCOVIS,PR,72107,41980,"San Juan-Caguas-Guaynabo, PR"
PATILLAS,PR,72109,25020,"Guayama, PR"
PENUELAS,PR,72111,49500,"Yauco, PR"
PONCE,PR,72113,38660,"Ponce, PR"
QUEBRADILLAS,PR,72115,41980,"San Juan-Caguas-Guaynabo, PR"
RINCON,PR,72117,10380,"Aguadilla-Isabela-San Sebastin, PR"
RIO GRANDE,PR,72119,41980,"San Juan-Caguas-Guaynabo, PR"
SABANA GRANDE,PR,72121,41900,"San Germn-Cabo Rojo, PR"
SALINAS,PR,72123,,
SAN GERMAN,PR,72125,41900,"San Germn-Cabo Rojo, PR"
SAN JUAN,PR,72127,41980,"San Juan-Caguas-Guaynabo, PR"
SAN LORENZO,PR,72129,41980,"San Juan-Caguas-Guaynabo, PR"
SAN SEBASTIAN,PR,72131,10380,"Aguadilla-Isabela-San Sebastin, PR"
SANTA ISABEL,PR,72133,,
TOA ALTA,PR,72135,41980,"San Juan-Caguas-Guaynabo, PR"
TOA BAJA,PR,72137,41980,"San Juan-Caguas-Guaynabo, PR"
TRUJILLO ALTO,PR,72139,41980,"San Juan-Caguas-Guaynabo, PR"
UTUADO,PR,72141,,
VEGA ALTA,PR,72143,41980,"San Juan-Caguas-Guaynabo, PR"
VEGA BAJA,PR,72145,41980,"San Juan-Caguas-Guaynabo, PR"
VIEQUES,PR,72147,,
VILLALBA,PR,72149,38660,"Ponce, PR"
YABUCOA,PR,72151,41980,"San Juan-Caguas-Guaynabo, PR"
YAUCO,PR,72153,49500,"Yauco, PR"
"PUERTO RICO, NFD",PR,72990,,